date,time,amazonID,exp_condition,isLeftRisky,indivOrGroup,riskDistributionId,groupSize,room,confirmationID,subjectNumber,round,choice,payoff,totalEarning,socialFreq_safe1,socialFreq_safe2,socialFreq_safe3,socialFreq_risky,behaviouralType,timeElapsed,latency,socialInfo_00,socialInfo_01,socialInfo_02,socialInfo_03,socialInfo_04,socialInfo_05,socialInfo_06,socialInfo_07,socialInfo_08,socialInfo_09,socialInfo_10,socialInfo_11,publicInfo_00,publicInfo_01,publicInfo_02,publicInfo_03,publicInfo_04,publicInfo_05,publicInfo_06,publicInfo_07,publicInfo_08,publicInfo_09,publicInfo_10,publicInfo_11
2022-6-28,23:32:49,INHOUSETEST3,,,0,,1,06282325_sessionIndiv_403,HLyUPeq_XyKSnrThAAAE,1,11,15,201,,0,0,0,0,choice,,,-1,-1,-1,-1,-1,-1,-1,-1,-1,-1,-1,-1,-1,-1,-1,-1,-1,-1,-1,-1,-1,-1,-1,-1
2022-6-28,23:43:35,INHOUSETEST3,,,1,,2,xKUIkRA_session_400,j_xzYk5by9VwM5sPAAAI,1,2,1,64,,,,,,choice,,0,-1,-1,-1,-1,-1,-1,-1,-1,-1,-1,-1,-1,-1,-1,-1,-1,-1,-1,-1,-1,-1,-1,-1,-1
2022-6-28,23:43:35,INHOUSETEST3,,,1,,2,xKUIkRA_session_400,6YlC47k2RTbNzPrUAAAK,2,2,5,104,,,,,,choice,,0,-1,-1,-1,-1,-1,-1,-1,-1,-1,-1,-1,-1,-1,-1,-1,-1,-1,-1,-1,-1,-1,-1,-1,-1
2022-6-28,23:43:40,INHOUSETEST3,,,1,,2,xKUIkRA_session_400,j_xzYk5by9VwM5sPAAAI,1,3,8,129,,,,,,choice,,0,-1,-1,-1,-1,-1,-1,-1,-1,-1,-1,-1,-1,-1,-1,-1,-1,-1,-1,-1,-1,-1,-1,-1,-1
2022-6-28,23:43:40,INHOUSETEST3,,,1,,2,xKUIkRA_session_400,6YlC47k2RTbNzPrUAAAK,2,3,4,87,,,,,,choice,,0,-1,-1,-1,-1,-1,-1,-1,-1,-1,-1,-1,-1,-1,-1,-1,-1,-1,-1,-1,-1,-1,-1,-1,-1
2022-6-28,23:43:45,INHOUSETEST3,,,1,,2,xKUIkRA_session_400,j_xzYk5by9VwM5sPAAAI,1,4,1,61,,,,,,choice,,0,-1,-1,-1,-1,-1,-1,-1,-1,-1,-1,-1,-1,-1,-1,-1,-1,-1,-1,-1,-1,-1,-1,-1,-1
2022-6-28,23:43:46,INHOUSETEST3,,,1,,2,xKUIkRA_session_400,6YlC47k2RTbNzPrUAAAK,2,4,9,138,,,,,,choice,,0,-1,-1,-1,-1,-1,-1,-1,-1,-1,-1,-1,-1,-1,-1,-1,-1,-1,-1,-1,-1,-1,-1,-1,-1
2022-6-28,23:43:52,INHOUSETEST3,,,1,,2,xKUIkRA_session_400,j_xzYk5by9VwM5sPAAAI,1,5,4,47,,,,,,choice,,0,-1,-1,-1,-1,-1,-1,-1,-1,-1,-1,-1,-1,-1,-1,-1,-1,-1,-1,-1,-1,-1,-1,-1,-1
2022-6-28,23:43:52,INHOUSETEST3,,,1,,2,xKUIkRA_session_400,6YlC47k2RTbNzPrUAAAK,2,5,4,40,,,,,,choice,,0,-1,-1,-1,-1,-1,-1,-1,-1,-1,-1,-1,-1,-1,-1,-1,-1,-1,-1,-1,-1,-1,-1,-1,-1
2022-6-28,23:43:57,INHOUSETEST3,,,1,,2,xKUIkRA_session_400,j_xzYk5by9VwM5sPAAAI,1,6,1,32,,,,,,choice,,0,-1,-1,-1,-1,-1,-1,-1,-1,-1,-1,-1,-1,-1,-1,-1,-1,-1,-1,-1,-1,-1,-1,-1,-1
2022-6-28,23:43:57,INHOUSETEST3,,,1,,2,xKUIkRA_session_400,6YlC47k2RTbNzPrUAAAK,2,6,1,29,,,,,,choice,,0,-1,-1,-1,-1,-1,-1,-1,-1,-1,-1,-1,-1,-1,-1,-1,-1,-1,-1,-1,-1,-1,-1,-1,-1
2022-6-28,23:44:3,INHOUSETEST3,,,1,,2,xKUIkRA_session_400,j_xzYk5by9VwM5sPAAAI,1,7,4,49,,,,,,choice,,0,-1,-1,-1,-1,-1,-1,-1,-1,-1,-1,-1,-1,-1,-1,-1,-1,-1,-1,-1,-1,-1,-1,-1,-1
2022-6-28,23:44:3,INHOUSETEST3,,,1,,2,xKUIkRA_session_400,6YlC47k2RTbNzPrUAAAK,2,7,4,46,,,,,,choice,,0,-1,-1,-1,-1,-1,-1,-1,-1,-1,-1,-1,-1,-1,-1,-1,-1,-1,-1,-1,-1,-1,-1,-1,-1
2022-6-28,23:44:11,INHOUSETEST3,,,1,,2,xKUIkRA_session_400,j_xzYk5by9VwM5sPAAAI,1,8,5,100,,,,,,choice,,0,-1,-1,-1,-1,-1,-1,-1,-1,-1,-1,-1,-1,-1,-1,-1,-1,-1,-1,-1,-1,-1,-1,-1,-1
2022-6-28,23:44:11,INHOUSETEST3,,,1,,2,xKUIkRA_session_400,6YlC47k2RTbNzPrUAAAK,2,8,4,90,,,,,,choice,,0,-1,-1,-1,-1,-1,-1,-1,-1,-1,-1,-1,-1,-1,-1,-1,-1,-1,-1,-1,-1,-1,-1,-1,-1
2022-6-28,23:44:17,INHOUSETEST3,,,1,,2,xKUIkRA_session_400,j_xzYk5by9VwM5sPAAAI,1,9,4,79,,,,,,choice,,0,-1,-1,-1,-1,-1,-1,-1,-1,-1,-1,-1,-1,-1,-1,-1,-1,-1,-1,-1,-1,-1,-1,-1,-1
2022-6-28,23:44:17,INHOUSETEST3,,,1,,2,xKUIkRA_session_400,6YlC47k2RTbNzPrUAAAK,2,9,1,64,,,,,,choice,,0,-1,-1,-1,-1,-1,-1,-1,-1,-1,-1,-1,-1,-1,-1,-1,-1,-1,-1,-1,-1,-1,-1,-1,-1
2022-6-28,23:44:22,INHOUSETEST3,,,1,,2,xKUIkRA_session_400,j_xzYk5by9VwM5sPAAAI,1,10,5,53,,,,,,choice,,0,-1,-1,-1,-1,-1,-1,-1,-1,-1,-1,-1,-1,-1,-1,-1,-1,-1,-1,-1,-1,-1,-1,-1,-1
2022-6-28,23:44:22,INHOUSETEST3,,,1,,2,xKUIkRA_session_400,6YlC47k2RTbNzPrUAAAK,2,10,5,52,,,,,,choice,,0,-1,-1,-1,-1,-1,-1,-1,-1,-1,-1,-1,-1,-1,-1,-1,-1,-1,-1,-1,-1,-1,-1,-1,-1
2022-6-28,23:44:27,INHOUSETEST3,,,1,,2,xKUIkRA_session_400,j_xzYk5by9VwM5sPAAAI,1,11,4,90,,,,,,choice,,0,-1,-1,-1,-1,-1,-1,-1,-1,-1,-1,-1,-1,-1,-1,-1,-1,-1,-1,-1,-1,-1,-1,-1,-1
2022-6-28,23:44:27,INHOUSETEST3,,,1,,2,xKUIkRA_session_400,6YlC47k2RTbNzPrUAAAK,2,11,1,52,,,,,,choice,,0,-1,-1,-1,-1,-1,-1,-1,-1,-1,-1,-1,-1,-1,-1,-1,-1,-1,-1,-1,-1,-1,-1,-1,-1
2022-6-28,23:52:3,INHOUSETEST3,,,-1,,1,khpPzBQ_session_400,kzG1kNBlJZsrRLViAAAD,1,2,1,63,,,,,,choice,,,-1,-1,-1,-1,-1,-1,-1,-1,-1,-1,-1,-1,-1,-1,-1,-1,-1,-1,-1,-1,-1,-1,-1,-1
2022-6-28,23:53:22,INHOUSETEST3,,,-1,,2,KiZxdzP_session_400,twx0-O4bVO74vAoXAAAD,1,2,12,175,,,,,,choice,,,-1,-1,-1,-1,-1,-1,-1,-1,-1,-1,-1,-1,-1,-1,-1,-1,-1,-1,-1,-1,-1,-1,-1,-1
2022-6-28,23:53:22,INHOUSETEST3,,,-1,,2,KiZxdzP_session_400,AlmxBM9Ft7zrOlyHAAAG,2,2,6,106,,,,,,choice,,,-1,-1,-1,-1,-1,-1,-1,-1,-1,-1,-1,-1,-1,-1,-1,-1,-1,-1,-1,-1,-1,-1,-1,-1
2022-6-28,23:56:14,INHOUSETEST3,,,1,,2,WqhdUSX_session_400,GxLsiOusjUcAES48AAAG,2,2,13,175,,,,,,choice,,0,0,0,0,0,0,1,0,0,0,1,0,0,-1,-1,-1,-1,-1,-1,-1,-1,-1,-1,-1,-1
2022-6-28,23:56:14,INHOUSETEST3,,,1,,2,WqhdUSX_session_400,vdqME3Vhotu4JWZDAAAE,1,2,2,70,,,,,,choice,,0,0,0,0,0,0,1,0,0,0,1,0,0,-1,-1,-1,-1,-1,-1,-1,-1,-1,-1,-1,-1
2022-6-28,23:56:19,INHOUSETEST3,,,1,,2,WqhdUSX_session_400,vdqME3Vhotu4JWZDAAAE,1,3,13,175,,,,,,choice,,0,0,0,0,0,0,0,0,0,0,1,1,0,-1,-1,-1,-1,-1,-1,-1,-1,-1,-1,-1,-1
2022-6-28,23:56:19,INHOUSETEST3,,,1,,2,WqhdUSX_session_400,GxLsiOusjUcAES48AAAG,2,3,6,111,,,,,,choice,,0,0,0,0,0,0,0,0,0,0,1,1,0,-1,-1,-1,-1,-1,-1,-1,-1,-1,-1,-1,-1
2022-6-28,23:56:24,INHOUSETEST3,,,1,,2,WqhdUSX_session_400,GxLsiOusjUcAES48AAAG,2,4,9,142,,,,,,choice,,0,1,0,0,0,0,0,1,0,0,0,0,0,-1,-1,-1,-1,-1,-1,-1,-1,-1,-1,-1,-1
2022-6-28,23:56:24,INHOUSETEST3,,,1,,2,WqhdUSX_session_400,vdqME3Vhotu4JWZDAAAE,1,4,12,169,,,,,,choice,,0,1,0,0,0,0,0,1,0,0,0,0,0,-1,-1,-1,-1,-1,-1,-1,-1,-1,-1,-1,-1
2022-6-28,23:56:28,INHOUSETEST3,,,1,,2,WqhdUSX_session_400,GxLsiOusjUcAES48AAAG,2,5,1,58,,,,,,choice,,0,0,0,0,0,1,1,0,0,0,0,0,0,-1,-1,-1,-1,-1,-1,-1,-1,-1,-1,-1,-1
2022-6-28,23:56:28,INHOUSETEST3,,,1,,2,WqhdUSX_session_400,vdqME3Vhotu4JWZDAAAE,1,5,2,79,,,,,,choice,,0,0,0,0,0,1,1,0,0,0,0,0,0,-1,-1,-1,-1,-1,-1,-1,-1,-1,-1,-1,-1
2022-6-28,23:56:32,INHOUSETEST3,,,1,,2,WqhdUSX_session_400,GxLsiOusjUcAES48AAAG,2,6,15,199,,,,,,choice,,0,0,0,0,0,0,0,0,0,1,1,0,0,-1,-1,-1,-1,-1,-1,-1,-1,-1,-1,-1,-1
2022-6-28,23:56:32,INHOUSETEST3,,,1,,2,WqhdUSX_session_400,vdqME3Vhotu4JWZDAAAE,1,6,13,182,,,,,,choice,,0,0,0,0,0,0,0,0,0,1,1,0,0,-1,-1,-1,-1,-1,-1,-1,-1,-1,-1,-1,-1
2022-6-28,23:56:36,INHOUSETEST3,,,1,,2,WqhdUSX_session_400,vdqME3Vhotu4JWZDAAAE,1,7,6,111,,,,,,choice,,0,0,0,0,0,0,0,0,0,0,0,1,0,-1,-1,-1,-1,-1,-1,-1,-1,-1,-1,-1,-1
2022-6-28,23:56:36,INHOUSETEST3,,,1,,2,WqhdUSX_session_400,GxLsiOusjUcAES48AAAG,2,7,3,78,,,,,,choice,,0,0,0,0,0,0,0,0,0,0,0,1,0,-1,-1,-1,-1,-1,-1,-1,-1,-1,-1,-1,-1
2022-6-28,23:56:41,INHOUSETEST3,,,1,,2,WqhdUSX_session_400,GxLsiOusjUcAES48AAAG,2,8,13,179,,,,,,choice,,0,0,0,0,0,0,0,1,0,0,1,0,0,-1,-1,-1,-1,-1,-1,-1,-1,-1,-1,-1,-1
2022-6-28,23:56:41,INHOUSETEST3,,,1,,2,WqhdUSX_session_400,vdqME3Vhotu4JWZDAAAE,1,8,12,170,,,,,,choice,,0,0,0,0,0,0,0,1,0,0,1,0,0,-1,-1,-1,-1,-1,-1,-1,-1,-1,-1,-1,-1
2022-6-28,23:56:45,INHOUSETEST3,,,1,,2,WqhdUSX_session_400,GxLsiOusjUcAES48AAAG,2,9,6,117,,,,,,choice,,0,0,0,0,0,0,0,0,0,0,0,1,1,-1,-1,-1,-1,-1,-1,-1,-1,-1,-1,-1,-1
2022-6-28,23:56:45,INHOUSETEST3,,,1,,2,WqhdUSX_session_400,vdqME3Vhotu4JWZDAAAE,1,9,16,210,,,,,,choice,,0,0,0,0,0,0,0,0,0,0,0,1,1,-1,-1,-1,-1,-1,-1,-1,-1,-1,-1,-1,-1
2022-6-28,23:56:50,INHOUSETEST3,,,1,,2,WqhdUSX_session_400,GxLsiOusjUcAES48AAAG,2,10,16,106,,,,,,choice,,0,0,0,0,0,0,0,0,0,0,0,0,2,-1,-1,-1,-1,-1,-1,-1,-1,-1,-1,-1,-1
2022-6-28,23:56:50,INHOUSETEST3,,,1,,2,WqhdUSX_session_400,vdqME3Vhotu4JWZDAAAE,1,10,16,102,,,,,,choice,,0,0,0,0,0,0,0,0,0,0,0,0,2,-1,-1,-1,-1,-1,-1,-1,-1,-1,-1,-1,-1
2022-6-28,23:56:55,INHOUSETEST3,,,1,,2,WqhdUSX_session_400,vdqME3Vhotu4JWZDAAAE,1,11,14,195,,,,,,choice,,0,0,1,0,0,0,0,1,0,0,0,0,0,-1,-1,-1,-1,-1,-1,-1,-1,-1,-1,-1,-1
2022-6-28,23:56:55,INHOUSETEST3,,,1,,2,WqhdUSX_session_400,GxLsiOusjUcAES48AAAG,2,11,12,172,,,,,,choice,,0,0,1,0,0,0,0,1,0,0,0,0,0,-1,-1,-1,-1,-1,-1,-1,-1,-1,-1,-1,-1
2022-6-29,0:10:26,INHOUSETEST3,group,,1,,2,GHYxxOV_session_403,50qZTD59Yn8MPrxgAAAM,2,1,14,184,,,,,,choice,,0,-1,-1,-1,-1,-1,-1,-1,-1,-1,-1,-1,-1,,,,,,,,,,,,
2022-6-29,0:10:28,INHOUSETEST3,group,,1,,2,GHYxxOV_session_403,m97wGoM9cn6qMOovAAAK,1,1,7,117,,,,,,choice,,0,-1,-1,-1,-1,-1,-1,-1,-1,-1,-1,-1,-1,,,,,,,,,,,,
2022-6-29,0:10:32,INHOUSETEST3,group,,1,,2,GHYxxOV_session_403,m97wGoM9cn6qMOovAAAK,1,2,5,99,,,,,,choice,,0,-1,-1,-1,-1,-1,-1,-1,-1,-1,-1,-1,-1,,,,,,,,,,,,
2022-6-29,0:10:34,INHOUSETEST3,group,,1,,2,GHYxxOV_session_403,50qZTD59Yn8MPrxgAAAM,2,2,12,174,,,,,,choice,,0,-1,-1,-1,-1,-1,-1,-1,-1,-1,-1,-1,-1,,,,,,,,,,,,
2022-6-29,0:10:37,INHOUSETEST3,group,,1,,2,GHYxxOV_session_403,m97wGoM9cn6qMOovAAAK,1,3,14,192,,,,,,choice,,0,-1,-1,-1,-1,-1,-1,-1,-1,-1,-1,-1,-1,,,,,,,,,,,,
2022-6-29,0:10:38,INHOUSETEST3,group,,1,,2,GHYxxOV_session_403,50qZTD59Yn8MPrxgAAAM,2,3,14,193,,,,,,choice,,0,-1,-1,-1,-1,-1,-1,-1,-1,-1,-1,-1,-1,,,,,,,,,,,,
2022-6-29,0:10:40,INHOUSETEST3,group,,1,,2,GHYxxOV_session_403,50qZTD59Yn8MPrxgAAAM,2,4,5,95,,,,,,choice,,0,-1,-1,-1,-1,-1,-1,-1,-1,-1,-1,-1,-1,,,,,,,,,,,,
2022-6-29,0:10:42,INHOUSETEST3,group,,1,,2,GHYxxOV_session_403,m97wGoM9cn6qMOovAAAK,1,4,12,165,,,,,,choice,,0,-1,-1,-1,-1,-1,-1,-1,-1,-1,-1,-1,-1,,,,,,,,,,,,
2022-6-29,0:10:45,INHOUSETEST3,group,,1,,2,GHYxxOV_session_403,50qZTD59Yn8MPrxgAAAM,2,5,7,119,,,,,,choice,,0,-1,-1,-1,-1,-1,-1,-1,-1,-1,-1,-1,-1,,,,,,,,,,,,
2022-6-29,0:10:46,INHOUSETEST3,group,,1,,2,GHYxxOV_session_403,m97wGoM9cn6qMOovAAAK,1,5,7,120,,,,,,choice,,0,-1,-1,-1,-1,-1,-1,-1,-1,-1,-1,-1,-1,,,,,,,,,,,,
2022-6-29,0:10:49,INHOUSETEST3,group,,1,,2,GHYxxOV_session_403,m97wGoM9cn6qMOovAAAK,1,6,12,166,,,,,,choice,,0,-1,-1,-1,-1,-1,-1,-1,-1,-1,-1,-1,-1,,,,,,,,,,,,
2022-6-29,0:10:50,INHOUSETEST3,group,,1,,2,GHYxxOV_session_403,50qZTD59Yn8MPrxgAAAM,2,6,12,174,,,,,,choice,,0,-1,-1,-1,-1,-1,-1,-1,-1,-1,-1,-1,-1,,,,,,,,,,,,
2022-6-29,0:10:52,INHOUSETEST3,group,,1,,2,GHYxxOV_session_403,m97wGoM9cn6qMOovAAAK,1,7,14,188,,,,,,choice,,0,-1,-1,-1,-1,-1,-1,-1,-1,-1,-1,-1,-1,,,,,,,,,,,,
2022-6-29,0:10:54,INHOUSETEST3,group,,1,,2,GHYxxOV_session_403,50qZTD59Yn8MPrxgAAAM,2,7,14,186,,,,,,choice,,0,-1,-1,-1,-1,-1,-1,-1,-1,-1,-1,-1,-1,,,,,,,,,,,,
2022-6-29,0:10:56,INHOUSETEST3,group,,1,,2,GHYxxOV_session_403,50qZTD59Yn8MPrxgAAAM,2,8,5,93,,,,,,choice,,0,-1,-1,-1,-1,-1,-1,-1,-1,-1,-1,-1,-1,,,,,,,,,,,,
2022-6-29,0:10:57,INHOUSETEST3,group,,1,,2,GHYxxOV_session_403,m97wGoM9cn6qMOovAAAK,1,8,5,99,,,,,,choice,,0,-1,-1,-1,-1,-1,-1,-1,-1,-1,-1,-1,-1,,,,,,,,,,,,
2022-6-29,0:10:59,INHOUSETEST3,group,,1,,2,GHYxxOV_session_403,50qZTD59Yn8MPrxgAAAM,2,9,12,168,,,,,,choice,,0,-1,-1,-1,-1,-1,-1,-1,-1,-1,-1,-1,-1,,,,,,,,,,,,
2022-6-29,0:11:0,INHOUSETEST3,group,,1,,2,GHYxxOV_session_403,m97wGoM9cn6qMOovAAAK,1,9,12,163,,,,,,choice,,0,-1,-1,-1,-1,-1,-1,-1,-1,-1,-1,-1,-1,,,,,,,,,,,,
2022-6-29,0:11:3,INHOUSETEST3,group,,1,,2,GHYxxOV_session_403,50qZTD59Yn8MPrxgAAAM,2,10,7,117,,,,,,choice,,0,-1,-1,-1,-1,-1,-1,-1,-1,-1,-1,-1,-1,,,,,,,,,,,,
2022-6-29,0:11:4,INHOUSETEST3,group,,1,,2,GHYxxOV_session_403,m97wGoM9cn6qMOovAAAK,1,10,7,116,,,,,,choice,,0,-1,-1,-1,-1,-1,-1,-1,-1,-1,-1,-1,-1,,,,,,,,,,,,
2022-6-29,0:21:44,INHOUSETEST3,individual,,0,,1,06282355_indiv_404,IaSiZkOmLK8nQQJSAAAO,1,1,11,155,,,,,,choice,,0,-1,-1,-1,-1,-1,-1,-1,-1,-1,-1,-1,-1,,,,,,,,,,,,
2022-6-29,0:21:50,INHOUSETEST3,individual,,0,,1,06282355_indiv_404,IaSiZkOmLK8nQQJSAAAO,1,2,5,103,,,,,,choice,,0,-1,-1,-1,-1,-1,-1,-1,-1,-1,-1,-1,-1,,,,,,,,,,,,
2022-6-29,0:21:53,INHOUSETEST3,individual,,0,,1,06282355_indiv_404,IaSiZkOmLK8nQQJSAAAO,1,3,3,81,,,,,,choice,,0,-1,-1,-1,-1,-1,-1,-1,-1,-1,-1,-1,-1,,,,,,,,,,,,
2022-6-29,0:21:55,INHOUSETEST3,individual,,0,,1,06282355_indiv_404,IaSiZkOmLK8nQQJSAAAO,1,4,12,161,,,,,,choice,,0,-1,-1,-1,-1,-1,-1,-1,-1,-1,-1,-1,-1,,,,,,,,,,,,
2022-6-29,0:21:58,INHOUSETEST3,individual,,0,,1,06282355_indiv_404,IaSiZkOmLK8nQQJSAAAO,1,5,2,62,,,,,,choice,,0,-1,-1,-1,-1,-1,-1,-1,-1,-1,-1,-1,-1,,,,,,,,,,,,
2022-6-29,0:22:1,INHOUSETEST3,individual,,0,,1,06282355_indiv_404,IaSiZkOmLK8nQQJSAAAO,1,6,6,108,,,,,,choice,,0,-1,-1,-1,-1,-1,-1,-1,-1,-1,-1,-1,-1,,,,,,,,,,,,
2022-6-29,0:22:5,INHOUSETEST3,individual,,0,,1,06282355_indiv_404,IaSiZkOmLK8nQQJSAAAO,1,7,13,190,,,,,,choice,,0,-1,-1,-1,-1,-1,-1,-1,-1,-1,-1,-1,-1,,,,,,,,,,,,
2022-6-29,0:22:8,INHOUSETEST3,individual,,0,,1,06282355_indiv_404,IaSiZkOmLK8nQQJSAAAO,1,8,14,189,,,,,,choice,,0,-1,-1,-1,-1,-1,-1,-1,-1,-1,-1,-1,-1,,,,,,,,,,,,
2022-6-29,0:22:10,INHOUSETEST3,individual,,0,,1,06282355_indiv_404,IaSiZkOmLK8nQQJSAAAO,1,9,4,92,,,,,,choice,,0,-1,-1,-1,-1,-1,-1,-1,-1,-1,-1,-1,-1,,,,,,,,,,,,
2022-6-29,0:22:13,INHOUSETEST3,individual,,0,,1,06282355_indiv_404,IaSiZkOmLK8nQQJSAAAO,1,10,1,61,,,,,,choice,,0,-1,-1,-1,-1,-1,-1,-1,-1,-1,-1,-1,-1,,,,,,,,,,,,
2022-6-29,10:33:28,INHOUSETEST3,,,0,,1,06282355_sessionIndiv_408,qhScvR2qLakH4yK9AAAS,1,1,7,114,,,,,,choice,,0,-1,-1,-1,-1,-1,-1,-1,-1,-1,-1,-1,-1,,,,,,,,,,,,
2022-6-29,10:33:31,INHOUSETEST3,,,0,,1,06282355_sessionIndiv_408,qhScvR2qLakH4yK9AAAS,1,2,14,185,,,,,,choice,,0,-1,-1,-1,-1,-1,-1,-1,-1,-1,-1,-1,-1,,,,,,,,,,,,
2022-6-29,10:33:34,INHOUSETEST3,,,0,,1,06282355_sessionIndiv_408,qhScvR2qLakH4yK9AAAS,1,3,4,87,,,,,,choice,,0,-1,-1,-1,-1,-1,-1,-1,-1,-1,-1,-1,-1,,,,,,,,,,,,
2022-6-29,10:33:37,INHOUSETEST3,,,0,,1,06282355_sessionIndiv_408,qhScvR2qLakH4yK9AAAS,1,4,15,193,,,,,,choice,,0,-1,-1,-1,-1,-1,-1,-1,-1,-1,-1,-1,-1,,,,,,,,,,,,
2022-6-29,10:33:41,INHOUSETEST3,,,0,,1,06282355_sessionIndiv_408,qhScvR2qLakH4yK9AAAS,1,5,8,127,,,,,,choice,,0,-1,-1,-1,-1,-1,-1,-1,-1,-1,-1,-1,-1,,,,,,,,,,,,
2022-6-29,10:33:44,INHOUSETEST3,,,0,,1,06282355_sessionIndiv_408,qhScvR2qLakH4yK9AAAS,1,6,15,205,,,,,,choice,,0,-1,-1,-1,-1,-1,-1,-1,-1,-1,-1,-1,-1,,,,,,,,,,,,
2022-6-29,10:33:46,INHOUSETEST3,,,0,,1,06282355_sessionIndiv_408,qhScvR2qLakH4yK9AAAS,1,7,1,57,,,,,,choice,,0,-1,-1,-1,-1,-1,-1,-1,-1,-1,-1,-1,-1,,,,,,,,,,,,
2022-6-29,10:33:48,INHOUSETEST3,,,0,,1,06282355_sessionIndiv_408,qhScvR2qLakH4yK9AAAS,1,8,1,68,,,,,,choice,,0,-1,-1,-1,-1,-1,-1,-1,-1,-1,-1,-1,-1,,,,,,,,,,,,
2022-6-29,10:33:55,INHOUSETEST3,,,0,,1,06282355_sessionIndiv_408,qhScvR2qLakH4yK9AAAS,1,9,16,206,,,,,,choice,,0,-1,-1,-1,-1,-1,-1,-1,-1,-1,-1,-1,-1,,,,,,,,,,,,
2022-6-29,10:34:7,INHOUSETEST3,,,0,,1,06282355_sessionIndiv_408,qhScvR2qLakH4yK9AAAS,1,10,16,213,,,,,,choice,,0,-1,-1,-1,-1,-1,-1,-1,-1,-1,-1,-1,-1,,,,,,,,,,,,
2022-6-29,10:33:52,INHOUSETEST3,group,,1,,2,CfwBLTk_session_409,awLsfoTpUPNSAHNZAAAU,1,1,9,144,,,,,,choice,,0,-1,-1,-1,-1,-1,-1,-1,-1,-1,-1,-1,-1,,,,,,,,,,,,
2022-6-29,10:33:52,INHOUSETEST3,group,,1,,2,CfwBLTk_session_409,4_YOUszULhItF4QXAAAW,2,1,3,80,,,,,,choice,,0,-1,-1,-1,-1,-1,-1,-1,-1,-1,-1,-1,-1,,,,,,,,,,,,
2022-6-29,10:33:54,INHOUSETEST3,group,,1,,2,CfwBLTk_session_409,awLsfoTpUPNSAHNZAAAU,1,2,16,199,,,,,,choice,,0,-1,-1,-1,-1,-1,-1,-1,-1,-1,-1,-1,-1,,,,,,,,,,,,
2022-6-29,10:33:55,INHOUSETEST3,group,,1,,2,CfwBLTk_session_409,4_YOUszULhItF4QXAAAW,2,2,13,177,,,,,,choice,,0,-1,-1,-1,-1,-1,-1,-1,-1,-1,-1,-1,-1,,,,,,,,,,,,
2022-6-29,10:33:58,INHOUSETEST3,group,,1,,2,CfwBLTk_session_409,awLsfoTpUPNSAHNZAAAU,1,3,14,182,,,,,,choice,,0,-1,-1,-1,-1,-1,-1,-1,-1,-1,-1,-1,-1,,,,,,,,,,,,
2022-6-29,10:34:7,INHOUSETEST3,group,,1,,2,CfwBLTk_session_409,4_YOUszULhItF4QXAAAW,2,3,14,187,,,,,,choice,,0,-1,-1,-1,-1,-1,-1,-1,-1,-1,-1,-1,-1,,,,,,,,,,,,
2022-6-29,10:34:11,INHOUSETEST3,group,,1,,2,CfwBLTk_session_409,awLsfoTpUPNSAHNZAAAU,1,4,10,145,,,,,,choice,,0,-1,-1,-1,-1,-1,-1,-1,-1,-1,-1,-1,-1,,,,,,,,,,,,
2022-6-29,10:34:17,INHOUSETEST3,group,,1,,2,CfwBLTk_session_409,4_YOUszULhItF4QXAAAW,2,4,3,79,,,,,,choice,,0,-1,-1,-1,-1,-1,-1,-1,-1,-1,-1,-1,-1,,,,,,,,,,,,
2022-6-29,10:34:21,INHOUSETEST3,group,,1,,2,CfwBLTk_session_409,4_YOUszULhItF4QXAAAW,2,5,3,83,,,,,,choice,,0,-1,-1,-1,-1,-1,-1,-1,-1,-1,-1,-1,-1,,,,,,,,,,,,
2022-6-29,10:34:23,INHOUSETEST3,group,,1,,2,CfwBLTk_session_409,awLsfoTpUPNSAHNZAAAU,1,5,1,59,,,,,,choice,,0,-1,-1,-1,-1,-1,-1,-1,-1,-1,-1,-1,-1,,,,,,,,,,,,
2022-6-29,10:34:26,INHOUSETEST3,group,,1,,2,CfwBLTk_session_409,4_YOUszULhItF4QXAAAW,2,6,13,178,,,,,,choice,,0,-1,-1,-1,-1,-1,-1,-1,-1,-1,-1,-1,-1,,,,,,,,,,,,
2022-6-29,10:34:26,INHOUSETEST3,group,,1,,2,CfwBLTk_session_409,awLsfoTpUPNSAHNZAAAU,1,6,4,89,,,,,,choice,,0,-1,-1,-1,-1,-1,-1,-1,-1,-1,-1,-1,-1,,,,,,,,,,,,
2022-6-29,10:34:29,INHOUSETEST3,group,,1,,2,CfwBLTk_session_409,awLsfoTpUPNSAHNZAAAU,1,7,14,198,,,,,,choice,,0,-1,-1,-1,-1,-1,-1,-1,-1,-1,-1,-1,-1,,,,,,,,,,,,
2022-6-29,10:34:30,INHOUSETEST3,group,,1,,2,CfwBLTk_session_409,4_YOUszULhItF4QXAAAW,2,7,6,117,,,,,,choice,,0,-1,-1,-1,-1,-1,-1,-1,-1,-1,-1,-1,-1,,,,,,,,,,,,
2022-6-29,10:34:33,INHOUSETEST3,group,,1,,2,CfwBLTk_session_409,awLsfoTpUPNSAHNZAAAU,1,8,14,190,,,,,,choice,,0,-1,-1,-1,-1,-1,-1,-1,-1,-1,-1,-1,-1,,,,,,,,,,,,
2022-6-29,10:34:34,INHOUSETEST3,group,,1,,2,CfwBLTk_session_409,4_YOUszULhItF4QXAAAW,2,8,14,188,,,,,,choice,,0,-1,-1,-1,-1,-1,-1,-1,-1,-1,-1,-1,-1,,,,,,,,,,,,
2022-6-29,10:34:37,INHOUSETEST3,group,,1,,2,CfwBLTk_session_409,awLsfoTpUPNSAHNZAAAU,1,9,14,186,,,,,,choice,,0,-1,-1,-1,-1,-1,-1,-1,-1,-1,-1,-1,-1,,,,,,,,,,,,
2022-6-29,10:34:37,INHOUSETEST3,group,,1,,2,CfwBLTk_session_409,4_YOUszULhItF4QXAAAW,2,9,14,191,,,,,,choice,,0,-1,-1,-1,-1,-1,-1,-1,-1,-1,-1,-1,-1,,,,,,,,,,,,
2022-6-29,10:34:39,INHOUSETEST3,group,,1,,2,CfwBLTk_session_409,4_YOUszULhItF4QXAAAW,2,10,14,192,,,,,,choice,,0,-1,-1,-1,-1,-1,-1,-1,-1,-1,-1,-1,-1,,,,,,,,,,,,
2022-6-29,10:34:39,INHOUSETEST3,group,,1,,2,CfwBLTk_session_409,awLsfoTpUPNSAHNZAAAU,1,10,14,190,,,,,,choice,,0,-1,-1,-1,-1,-1,-1,-1,-1,-1,-1,-1,-1,,,,,,,,,,,,
2022-6-29,10:43:42,INHOUSETEST3,,,0,,1,06282355_sessionIndiv_412,dJ64ct9pW6yy3Rl7AAAc,1,1,1,57,,,,,,choice,,0,-1,-1,-1,-1,-1,-1,-1,-1,-1,-1,-1,-1,,,,,,,,,,,,
2022-6-29,10:44:0,INHOUSETEST3,,,0,,1,06282355_sessionIndiv_412,dJ64ct9pW6yy3Rl7AAAc,1,2,1,65,,,,,,choice,,0,-1,-1,-1,-1,-1,-1,-1,-1,-1,-1,-1,-1,,,,,,,,,,,,
2022-6-29,10:44:17,INHOUSETEST3,,,0,,1,06282355_sessionIndiv_412,dJ64ct9pW6yy3Rl7AAAc,1,3,1,57,,,,,,choice,,0,-1,-1,-1,-1,-1,-1,-1,-1,-1,-1,-1,-1,,,,,,,,,,,,
2022-6-29,10:44:34,INHOUSETEST3,,,0,,1,06282355_sessionIndiv_412,dJ64ct9pW6yy3Rl7AAAc,1,4,1,58,,,,,,choice,,0,-1,-1,-1,-1,-1,-1,-1,-1,-1,-1,-1,-1,,,,,,,,,,,,
2022-6-29,10:44:50,INHOUSETEST3,,,0,,1,06282355_sessionIndiv_412,dJ64ct9pW6yy3Rl7AAAc,1,5,10,149,,,,,,choice,,0,-1,-1,-1,-1,-1,-1,-1,-1,-1,-1,-1,-1,,,,,,,,,,,,
2022-6-29,10:39:33,INHOUSETEST3,group,,1,,2,mqNhENZ_session_410,bLYyx0QUZB-Q63NiAAAY,1,1,1,59,,,,,,choice,,0,-1,-1,-1,-1,-1,-1,-1,-1,-1,-1,-1,-1,,,,,,,,,,,,
2022-6-29,10:39:33,INHOUSETEST3,group,,1,,2,mqNhENZ_session_410,GMLHen4ETI4MXpYtAAAa,2,1,1,64,,,,,,choice,,0,-1,-1,-1,-1,-1,-1,-1,-1,-1,-1,-1,-1,,,,,,,,,,,,
2022-6-29,10:39:43,INHOUSETEST3,group,,1,,2,mqNhENZ_session_410,GMLHen4ETI4MXpYtAAAa,2,2,2,62,,,,,,choice,,0,-1,-1,-1,-1,-1,-1,-1,-1,-1,-1,-1,-1,,,,,,,,,,,,
2022-6-29,10:39:47,INHOUSETEST3,group,,1,,2,mqNhENZ_session_410,bLYyx0QUZB-Q63NiAAAY,1,2,15,194,,,,,,choice,,0,-1,-1,-1,-1,-1,-1,-1,-1,-1,-1,-1,-1,,,,,,,,,,,,
2022-6-29,10:40:4,INHOUSETEST3,group,,1,,2,mqNhENZ_session_410,bLYyx0QUZB-Q63NiAAAY,1,3,15,201,,,,,,choice,,0,-1,-1,-1,-1,-1,-1,-1,-1,-1,-1,-1,-1,,,,,,,,,,,,
2022-6-29,10:40:4,INHOUSETEST3,group,,1,,2,mqNhENZ_session_410,GMLHen4ETI4MXpYtAAAa,2,3,2,63,,,,,,choice,,0,-1,-1,-1,-1,-1,-1,-1,-1,-1,-1,-1,-1,,,,,,,,,,,,
2022-6-29,10:40:22,INHOUSETEST3,group,,1,,2,mqNhENZ_session_410,bLYyx0QUZB-Q63NiAAAY,1,4,15,196,,,,,,choice,,0,-1,-1,-1,-1,-1,-1,-1,-1,-1,-1,-1,-1,,,,,,,,,,,,
2022-6-29,10:40:22,INHOUSETEST3,group,,1,,2,mqNhENZ_session_410,GMLHen4ETI4MXpYtAAAa,2,4,2,67,,,,,,choice,,0,-1,-1,-1,-1,-1,-1,-1,-1,-1,-1,-1,-1,,,,,,,,,,,,
2022-6-29,10:40:39,INHOUSETEST3,group,,1,,2,mqNhENZ_session_410,GMLHen4ETI4MXpYtAAAa,2,5,2,62,,,,,,choice,,0,-1,-1,-1,-1,-1,-1,-1,-1,-1,-1,-1,-1,,,,,,,,,,,,
2022-6-29,10:43:23,INHOUSETEST3,group,,1,,2,mqNhENZ_session_410,bLYyx0QUZB-Q63NiAAAY,1,5,15,198,,,,,,choice,,0,-1,-1,-1,-1,-1,-1,-1,-1,-1,-1,-1,-1,,,,,,,,,,,,
2022-6-29,10:43:26,INHOUSETEST3,group,,1,,2,mqNhENZ_session_410,bLYyx0QUZB-Q63NiAAAY,1,6,7,126,,,,,,choice,,0,-1,-1,-1,-1,-1,-1,-1,-1,-1,-1,-1,-1,,,,,,,,,,,,
2022-6-29,10:57:15,INHOUSETEST3,,,0,,1,06282355_sessionIndiv_414,A1Fb6cts_XIvXaBXAAAg,1,1,11,162,,,,,,choice,,0,-1,-1,-1,-1,-1,-1,-1,-1,-1,-1,-1,-1,,,,,,,,,,,,
2022-6-29,10:58:30,INHOUSETEST3,group,,1,,2,AlhGMDJ_session_416,CDvss27cyAG9W63yAAAo,2,1,11,165,,,,,,choice,,0,-1,-1,-1,-1,-1,-1,-1,-1,-1,-1,-1,-1,,,,,,,,,,,,
2022-6-29,11:3:18,INHOUSETEST3,group,,1,,1,AlhGMDJ_session_416,gr9EXlsLENSxT4lMAAAm,1,2,14,186,,,,,,choice,,0,-1,-1,-1,-1,-1,-1,-1,-1,-1,-1,-1,-1,,,,,,,,,,,,
2022-6-29,11:3:24,INHOUSETEST3,group,,1,,1,AlhGMDJ_session_416,gr9EXlsLENSxT4lMAAAm,1,3,11,165,,,,,,choice,,0,-1,-1,-1,-1,-1,-1,-1,-1,-1,-1,-1,-1,,,,,,,,,,,,
2022-6-29,11:3:27,INHOUSETEST3,group,,1,,1,AlhGMDJ_session_416,gr9EXlsLENSxT4lMAAAm,1,4,3,76,,,,,,choice,,0,-1,-1,-1,-1,-1,-1,-1,-1,-1,-1,-1,-1,,,,,,,,,,,,
2022-6-29,11:3:37,INHOUSETEST3,group,,1,,1,AlhGMDJ_session_416,gr9EXlsLENSxT4lMAAAm,1,5,3,74,,,,,,choice,,0,-1,-1,-1,-1,-1,-1,-1,-1,-1,-1,-1,-1,,,,,,,,,,,,
2022-6-29,11:3:47,INHOUSETEST3,group,,1,,1,AlhGMDJ_session_416,gr9EXlsLENSxT4lMAAAm,1,6,15,199,,,,,,choice,,0,-1,-1,-1,-1,-1,-1,-1,-1,-1,-1,-1,-1,,,,,,,,,,,,
2022-6-29,11:3:48,INHOUSETEST3,group,,1,,1,AlhGMDJ_session_416,gr9EXlsLENSxT4lMAAAm,1,7,8,134,,,,,,choice,,0,0,0,0,0,1,0,0,0,0,0,0,0,,,,,,,,,,,,
2022-6-29,11:3:54,INHOUSETEST3,group,,1,,1,AlhGMDJ_session_416,gr9EXlsLENSxT4lMAAAm,1,8,8,130,,,,,,choice,,0,-1,-1,-1,-1,-1,-1,-1,-1,-1,-1,-1,-1,,,,,,,,,,,,
2022-6-29,11:3:58,INHOUSETEST3,group,,1,,1,AlhGMDJ_session_416,gr9EXlsLENSxT4lMAAAm,1,9,7,111,,,,,,choice,,0,-1,-1,-1,-1,-1,-1,-1,-1,-1,-1,-1,-1,,,,,,,,,,,,
2022-6-29,11:4:2,INHOUSETEST3,group,,1,,1,AlhGMDJ_session_416,gr9EXlsLENSxT4lMAAAm,1,10,6,115,,,,,,choice,,0,-1,-1,-1,-1,-1,-1,-1,-1,-1,-1,-1,-1,,,,,,,,,,,,
2022-6-29,11:4:22,INHOUSETEST3,individual,,0,,1,06282355_indiv_417,QAtzhVEzohtOHOiBAAAq,1,1,15,205,,,,,,choice,,0,-1,-1,-1,-1,-1,-1,-1,-1,-1,-1,-1,-1,,,,,,,,,,,,
2022-6-29,11:4:25,INHOUSETEST3,individual,,0,,1,06282355_indiv_417,QAtzhVEzohtOHOiBAAAq,1,2,9,145,,,,,,choice,,0,-1,-1,-1,-1,-1,-1,-1,-1,-1,-1,-1,-1,,,,,,,,,,,,
2022-6-29,11:4:28,INHOUSETEST3,individual,,0,,1,06282355_indiv_417,QAtzhVEzohtOHOiBAAAq,1,3,11,157,,,,,,choice,,0,-1,-1,-1,-1,-1,-1,-1,-1,-1,-1,-1,-1,,,,,,,,,,,,
2022-6-29,10:32:49,INHOUSETEST3,,,0,,1,06282355_sessionIndiv_406,265zSNCOupKz2Iy8AAAQ,1,1,2,74,,,,,,choice,,0,-1,-1,-1,-1,-1,-1,-1,-1,-1,-1,-1,-1,,,,,,,,,,,,
2022-6-29,10:32:54,INHOUSETEST3,,,0,,1,06282355_sessionIndiv_406,265zSNCOupKz2Iy8AAAQ,1,2,10,153,,,,,,choice,,0,-1,-1,-1,-1,-1,-1,-1,-1,-1,-1,-1,-1,,,,,,,,,,,,
2022-6-29,10:32:59,INHOUSETEST3,,,0,,1,06282355_sessionIndiv_406,265zSNCOupKz2Iy8AAAQ,1,3,14,185,,,,,,choice,,0,-1,-1,-1,-1,-1,-1,-1,-1,-1,-1,-1,-1,,,,,,,,,,,,
2022-6-29,10:33:4,INHOUSETEST3,,,0,,1,06282355_sessionIndiv_406,265zSNCOupKz2Iy8AAAQ,1,4,1,58,,,,,,choice,,0,-1,-1,-1,-1,-1,-1,-1,-1,-1,-1,-1,-1,,,,,,,,,,,,
2022-6-29,10:33:7,INHOUSETEST3,,,0,,1,06282355_sessionIndiv_406,265zSNCOupKz2Iy8AAAQ,1,5,3,77,,,,,,choice,,0,-1,-1,-1,-1,-1,-1,-1,-1,-1,-1,-1,-1,,,,,,,,,,,,
2022-6-29,10:33:9,INHOUSETEST3,,,0,,1,06282355_sessionIndiv_406,265zSNCOupKz2Iy8AAAQ,1,6,16,203,,,,,,choice,,0,-1,-1,-1,-1,-1,-1,-1,-1,-1,-1,-1,-1,,,,,,,,,,,,
2022-6-29,10:33:12,INHOUSETEST3,,,0,,1,06282355_sessionIndiv_406,265zSNCOupKz2Iy8AAAQ,1,7,11,160,,,,,,choice,,0,-1,-1,-1,-1,-1,-1,-1,-1,-1,-1,-1,-1,,,,,,,,,,,,
2022-6-29,10:33:15,INHOUSETEST3,,,0,,1,06282355_sessionIndiv_406,265zSNCOupKz2Iy8AAAQ,1,8,9,137,,,,,,choice,,0,-1,-1,-1,-1,-1,-1,-1,-1,-1,-1,-1,-1,,,,,,,,,,,,
2022-6-29,13:13:41,INHOUSETEST3,individual,,0,,1,06282355_indiv_418,q3kbvn2CnYH8PYvhAAAs,1,1,16,219,,,,,,choice,,0,-1,-1,-1,-1,-1,-1,-1,-1,-1,-1,-1,-1,,,,,,,,,,,,
2022-6-29,13:13:45,INHOUSETEST3,individual,,0,,1,06282355_indiv_418,q3kbvn2CnYH8PYvhAAAs,1,2,16,216,,,,,,choice,,0,-1,-1,-1,-1,-1,-1,-1,-1,-1,-1,-1,-1,,,,,,,,,,,,
2022-6-29,13:13:48,INHOUSETEST3,individual,,0,,1,06282355_indiv_418,q3kbvn2CnYH8PYvhAAAs,1,3,2,70,,,,,,choice,,0,-1,-1,-1,-1,-1,-1,-1,-1,-1,-1,-1,-1,,,,,,,,,,,,
2022-6-29,13:13:50,INHOUSETEST3,individual,,0,,1,06282355_indiv_418,q3kbvn2CnYH8PYvhAAAs,1,4,16,204,,,,,,choice,,0,-1,-1,-1,-1,-1,-1,-1,-1,-1,-1,-1,-1,,,,,,,,,,,,
2022-6-29,13:13:53,INHOUSETEST3,individual,,0,,1,06282355_indiv_418,q3kbvn2CnYH8PYvhAAAs,1,5,9,147,,,,,,choice,,0,-1,-1,-1,-1,-1,-1,-1,-1,-1,-1,-1,-1,,,,,,,,,,,,
2022-6-29,13:13:55,INHOUSETEST3,individual,,0,,1,06282355_indiv_418,q3kbvn2CnYH8PYvhAAAs,1,6,15,203,,,,,,choice,,0,-1,-1,-1,-1,-1,-1,-1,-1,-1,-1,-1,-1,,,,,,,,,,,,
2022-6-29,13:13:57,INHOUSETEST3,individual,,0,,1,06282355_indiv_418,q3kbvn2CnYH8PYvhAAAs,1,7,8,122,,,,,,choice,,0,-1,-1,-1,-1,-1,-1,-1,-1,-1,-1,-1,-1,,,,,,,,,,,,
2022-6-29,13:14:0,INHOUSETEST3,individual,,0,,1,06282355_indiv_418,q3kbvn2CnYH8PYvhAAAs,1,8,10,151,,,,,,choice,,0,-1,-1,-1,-1,-1,-1,-1,-1,-1,-1,-1,-1,,,,,,,,,,,,
2022-6-29,13:14:2,INHOUSETEST3,individual,,0,,1,06282355_indiv_418,q3kbvn2CnYH8PYvhAAAs,1,9,11,155,,,,,,choice,,0,-1,-1,-1,-1,-1,-1,-1,-1,-1,-1,-1,-1,,,,,,,,,,,,
2022-6-29,13:14:5,INHOUSETEST3,individual,,0,,1,06282355_indiv_418,q3kbvn2CnYH8PYvhAAAs,1,10,13,178,,,,,,choice,,0,-1,-1,-1,-1,-1,-1,-1,-1,-1,-1,-1,-1,,,,,,,,,,,,
2022-6-29,13:14:34,INHOUSETEST3,,,0,,1,06282355_sessionIndiv_420,E9KKBAqEM7u3B2fyAAAu,1,1,5,97,,,,,,choice,,0,-1,-1,-1,-1,-1,-1,-1,-1,-1,-1,-1,-1,,,,,,,,,,,,
2022-6-29,13:14:37,INHOUSETEST3,,,0,,1,06282355_sessionIndiv_420,E9KKBAqEM7u3B2fyAAAu,1,2,10,146,,,,,,choice,,0,-1,-1,-1,-1,-1,-1,-1,-1,-1,-1,-1,-1,,,,,,,,,,,,
2022-6-29,13:14:39,INHOUSETEST3,,,0,,1,06282355_sessionIndiv_420,E9KKBAqEM7u3B2fyAAAu,1,3,12,168,,,,,,choice,,0,-1,-1,-1,-1,-1,-1,-1,-1,-1,-1,-1,-1,,,,,,,,,,,,
2022-6-29,13:14:41,INHOUSETEST3,,,0,,1,06282355_sessionIndiv_420,E9KKBAqEM7u3B2fyAAAu,1,4,11,155,,,,,,choice,,0,-1,-1,-1,-1,-1,-1,-1,-1,-1,-1,-1,-1,,,,,,,,,,,,
2022-6-29,13:14:43,INHOUSETEST3,,,0,,1,06282355_sessionIndiv_420,E9KKBAqEM7u3B2fyAAAu,1,5,14,183,,,,,,choice,,0,-1,-1,-1,-1,-1,-1,-1,-1,-1,-1,-1,-1,,,,,,,,,,,,
2022-6-29,13:14:45,INHOUSETEST3,,,0,,1,06282355_sessionIndiv_420,E9KKBAqEM7u3B2fyAAAu,1,6,10,158,,,,,,choice,,0,-1,-1,-1,-1,-1,-1,-1,-1,-1,-1,-1,-1,,,,,,,,,,,,
2022-6-29,13:14:48,INHOUSETEST3,,,0,,1,06282355_sessionIndiv_420,E9KKBAqEM7u3B2fyAAAu,1,7,9,142,,,,,,choice,,0,-1,-1,-1,-1,-1,-1,-1,-1,-1,-1,-1,-1,,,,,,,,,,,,
2022-6-29,13:14:50,INHOUSETEST3,,,0,,1,06282355_sessionIndiv_420,E9KKBAqEM7u3B2fyAAAu,1,8,14,180,,,,,,choice,,0,-1,-1,-1,-1,-1,-1,-1,-1,-1,-1,-1,-1,,,,,,,,,,,,
2022-6-29,13:14:52,INHOUSETEST3,,,0,,1,06282355_sessionIndiv_420,E9KKBAqEM7u3B2fyAAAu,1,9,14,192,,,,,,choice,,0,-1,-1,-1,-1,-1,-1,-1,-1,-1,-1,-1,-1,,,,,,,,,,,,
2022-6-29,13:14:54,INHOUSETEST3,,,0,,1,06282355_sessionIndiv_420,E9KKBAqEM7u3B2fyAAAu,1,10,14,186,,,,,,choice,,0,-1,-1,-1,-1,-1,-1,-1,-1,-1,-1,-1,-1,,,,,,,,,,,,
2022-6-29,13:31:24,INHOUSETEST3,,,0,,1,06282355_sessionIndiv_423,TS3Gzm4jiioP0daFAAA0,1,1,2,63,,,,,,choice,,0,-1,-1,-1,-1,-1,-1,-1,-1,-1,-1,-1,-1,,,,,,,,,,,,
2022-6-29,13:31:7,INHOUSETEST3,individual,,0,,1,06282355_indiv_421,Gba8HeB_wQbEzdIoAAAy,1,1,1,73,,,,,,choice,,0,-1,-1,-1,-1,-1,-1,-1,-1,-1,-1,-1,-1,,,,,,,,,,,,
2022-6-29,13:31:12,INHOUSETEST3,individual,,0,,1,06282355_indiv_421,Gba8HeB_wQbEzdIoAAAy,1,2,13,181,,,,,,choice,,0,-1,-1,-1,-1,-1,-1,-1,-1,-1,-1,-1,-1,,,,,,,,,,,,
2022-6-29,13:31:19,INHOUSETEST3,individual,,0,,1,06282355_indiv_421,Gba8HeB_wQbEzdIoAAAy,1,3,2,67,,,,,,choice,,0,-1,-1,-1,-1,-1,-1,-1,-1,-1,-1,-1,-1,,,,,,,,,,,,
2022-6-29,13:31:25,INHOUSETEST3,individual,,0,,1,06282355_indiv_421,Gba8HeB_wQbEzdIoAAAy,1,4,1,68,,,,,,choice,,0,-1,-1,-1,-1,-1,-1,-1,-1,-1,-1,-1,-1,,,,,,,,,,,,
2022-6-29,13:31:42,INHOUSETEST3,individual,,0,,1,06282355_indiv_421,Gba8HeB_wQbEzdIoAAAy,1,5,1,55,,,,,,choice,,0,-1,-1,-1,-1,-1,-1,-1,-1,-1,-1,-1,-1,,,,,,,,,,,,
2022-6-29,13:31:45,INHOUSETEST3,individual,,0,,1,06282355_indiv_421,Gba8HeB_wQbEzdIoAAAy,1,6,6,106,,,,,,choice,,0,-1,-1,-1,-1,-1,-1,-1,-1,-1,-1,-1,-1,,,,,,,,,,,,
2022-6-29,13:31:54,INHOUSETEST3,individual,,0,,1,06282355_indiv_421,Gba8HeB_wQbEzdIoAAAy,1,7,2,66,,,,,,choice,,0,-1,-1,-1,-1,-1,-1,-1,-1,-1,-1,-1,-1,,,,,,,,,,,,
2022-6-29,13:32:41,INHOUSETEST3,individual,,0,,1,06282355_indiv_421,Gba8HeB_wQbEzdIoAAAy,1,8,1,60,,,,,,choice,,0,-1,-1,-1,-1,-1,-1,-1,-1,-1,-1,-1,-1,,,,,,,,,,,,
2022-6-29,13:32:45,INHOUSETEST3,individual,,0,,1,06282355_indiv_421,Gba8HeB_wQbEzdIoAAAy,1,9,11,151,,,,,,choice,,0,-1,-1,-1,-1,-1,-1,-1,-1,-1,-1,-1,-1,,,,,,,,,,,,
2022-6-29,13:33:2,INHOUSETEST3,individual,,0,,1,06282355_indiv_421,Gba8HeB_wQbEzdIoAAAy,1,10,11,157,,,,,,choice,,0,-1,-1,-1,-1,-1,-1,-1,-1,-1,-1,-1,-1,,,,,,,,,,,,
2022-6-30,14:14:1,INHOUSETEST3,individual,,0,,1,06282355_indiv_425,KpbTw_hnrzfecPqMAAA8,1,1,5,97,,,,,,choice,,0,-1,-1,-1,-1,-1,-1,-1,-1,-1,-1,-1,-1,,,,,,,,,,,,
2022-6-30,14:14:4,INHOUSETEST3,individual,,0,,1,06282355_indiv_425,KpbTw_hnrzfecPqMAAA8,1,2,14,189,,,,,,choice,,0,-1,-1,-1,-1,-1,-1,-1,-1,-1,-1,-1,-1,,,,,,,,,,,,
2022-6-30,14:14:6,INHOUSETEST3,individual,,0,,1,06282355_indiv_425,KpbTw_hnrzfecPqMAAA8,1,3,13,182,,,,,,choice,,0,-1,-1,-1,-1,-1,-1,-1,-1,-1,-1,-1,-1,,,,,,,,,,,,
2022-6-30,14:14:10,INHOUSETEST3,individual,,0,,1,06282355_indiv_425,KpbTw_hnrzfecPqMAAA8,1,4,7,115,,,,,,choice,,0,-1,-1,-1,-1,-1,-1,-1,-1,-1,-1,-1,-1,,,,,,,,,,,,
2022-6-30,14:14:13,INHOUSETEST3,individual,,0,,1,06282355_indiv_425,KpbTw_hnrzfecPqMAAA8,1,5,6,109,,,,,,choice,,0,-1,-1,-1,-1,-1,-1,-1,-1,-1,-1,-1,-1,,,,,,,,,,,,
2022-6-30,14:14:17,INHOUSETEST3,individual,,0,,1,06282355_indiv_425,KpbTw_hnrzfecPqMAAA8,1,6,4,91,,,,,,choice,,0,-1,-1,-1,-1,-1,-1,-1,-1,-1,-1,-1,-1,,,,,,,,,,,,
2022-6-30,14:14:22,INHOUSETEST3,individual,,0,,1,06282355_indiv_425,KpbTw_hnrzfecPqMAAA8,1,7,16,212,,,,,,choice,,0,-1,-1,-1,-1,-1,-1,-1,-1,-1,-1,-1,-1,,,,,,,,,,,,
2022-6-30,14:14:24,INHOUSETEST3,individual,,0,,1,06282355_indiv_425,KpbTw_hnrzfecPqMAAA8,1,8,10,156,,,,,,choice,,0,-1,-1,-1,-1,-1,-1,-1,-1,-1,-1,-1,-1,,,,,,,,,,,,
2022-6-30,14:14:27,INHOUSETEST3,individual,,0,,1,06282355_indiv_425,KpbTw_hnrzfecPqMAAA8,1,9,8,130,,,,,,choice,,0,-1,-1,-1,-1,-1,-1,-1,-1,-1,-1,-1,-1,,,,,,,,,,,,
2022-6-30,14:14:29,INHOUSETEST3,individual,,0,,1,06282355_indiv_425,KpbTw_hnrzfecPqMAAA8,1,10,12,164,,,,,,choice,,0,-1,-1,-1,-1,-1,-1,-1,-1,-1,-1,-1,-1,,,,,,,,,,,,
2022-6-30,14:15:15,INHOUSETEST3,,,0,,1,06282355_sessionIndiv_426,jf8FouHkdL7KgjEqAAA-,1,1,3,77,,,,,,choice,,0,-1,-1,-1,-1,-1,-1,-1,-1,-1,-1,-1,-1,,,,,,,,,,,,
2022-6-30,14:15:19,INHOUSETEST3,,,0,,1,06282355_sessionIndiv_426,jf8FouHkdL7KgjEqAAA-,1,2,13,178,,,,,,choice,,0,-1,-1,-1,-1,-1,-1,-1,-1,-1,-1,-1,-1,,,,,,,,,,,,
2022-6-30,14:15:22,INHOUSETEST3,,,0,,1,06282355_sessionIndiv_426,jf8FouHkdL7KgjEqAAA-,1,3,1,63,,,,,,choice,,0,-1,-1,-1,-1,-1,-1,-1,-1,-1,-1,-1,-1,,,,,,,,,,,,
2022-6-30,14:15:25,INHOUSETEST3,,,0,,1,06282355_sessionIndiv_426,jf8FouHkdL7KgjEqAAA-,1,4,6,115,,,,,,choice,,0,-1,-1,-1,-1,-1,-1,-1,-1,-1,-1,-1,-1,,,,,,,,,,,,
2022-6-30,14:15:27,INHOUSETEST3,,,0,,1,06282355_sessionIndiv_426,jf8FouHkdL7KgjEqAAA-,1,5,4,85,,,,,,choice,,0,-1,-1,-1,-1,-1,-1,-1,-1,-1,-1,-1,-1,,,,,,,,,,,,
2022-6-30,14:15:29,INHOUSETEST3,,,0,,1,06282355_sessionIndiv_426,jf8FouHkdL7KgjEqAAA-,1,6,2,72,,,,,,choice,,0,-1,-1,-1,-1,-1,-1,-1,-1,-1,-1,-1,-1,,,,,,,,,,,,
2022-6-30,14:15:31,INHOUSETEST3,,,0,,1,06282355_sessionIndiv_426,jf8FouHkdL7KgjEqAAA-,1,7,15,194,,,,,,choice,,0,-1,-1,-1,-1,-1,-1,-1,-1,-1,-1,-1,-1,,,,,,,,,,,,
2022-6-30,14:15:34,INHOUSETEST3,,,0,,1,06282355_sessionIndiv_426,jf8FouHkdL7KgjEqAAA-,1,8,16,207,,,,,,choice,,0,-1,-1,-1,-1,-1,-1,-1,-1,-1,-1,-1,-1,,,,,,,,,,,,
2022-6-30,14:15:36,INHOUSETEST3,,,0,,1,06282355_sessionIndiv_426,jf8FouHkdL7KgjEqAAA-,1,9,10,145,,,,,,choice,,0,-1,-1,-1,-1,-1,-1,-1,-1,-1,-1,-1,-1,,,,,,,,,,,,
2022-6-30,14:15:39,INHOUSETEST3,,,0,,1,06282355_sessionIndiv_426,jf8FouHkdL7KgjEqAAA-,1,10,8,135,,,,,,choice,,0,-1,-1,-1,-1,-1,-1,-1,-1,-1,-1,-1,-1,,,,,,,,,,,,
2022-6-30,14:27:8,INHOUSETEST3,individual,,0,,1,06282355_indiv_427,SWejmNwfTbU0Chl7AABA,1,1,3,78,,,,,,choice,,0,-1,-1,-1,-1,-1,-1,-1,-1,-1,-1,-1,-1,,,,,,,,,,,,
2022-6-30,14:27:13,INHOUSETEST3,individual,,0,,1,06282355_indiv_427,SWejmNwfTbU0Chl7AABA,1,2,1,69,,,,,,choice,,0,-1,-1,-1,-1,-1,-1,-1,-1,-1,-1,-1,-1,,,,,,,,,,,,
2022-6-30,14:27:16,INHOUSETEST3,individual,,0,,1,06282355_indiv_427,SWejmNwfTbU0Chl7AABA,1,3,12,176,,,,,,choice,,0,-1,-1,-1,-1,-1,-1,-1,-1,-1,-1,-1,-1,,,,,,,,,,,,
2022-6-30,14:27:18,INHOUSETEST3,individual,,0,,1,06282355_indiv_427,SWejmNwfTbU0Chl7AABA,1,4,14,190,,,,,,choice,,0,-1,-1,-1,-1,-1,-1,-1,-1,-1,-1,-1,-1,,,,,,,,,,,,
2022-6-30,14:27:19,INHOUSETEST3,individual,,0,,1,06282355_indiv_427,SWejmNwfTbU0Chl7AABA,1,5,10,151,,,,,,choice,,0,-1,-1,-1,-1,-1,-1,-1,-1,-1,-1,-1,-1,,,,,,,,,,,,
2022-6-30,14:27:22,INHOUSETEST3,individual,,0,,1,06282355_indiv_427,SWejmNwfTbU0Chl7AABA,1,6,16,220,,,,,,choice,,0,-1,-1,-1,-1,-1,-1,-1,-1,-1,-1,-1,-1,,,,,,,,,,,,
2022-6-30,14:27:24,INHOUSETEST3,individual,,0,,1,06282355_indiv_427,SWejmNwfTbU0Chl7AABA,1,7,5,97,,,,,,choice,,0,-1,-1,-1,-1,-1,-1,-1,-1,-1,-1,-1,-1,,,,,,,,,,,,
2022-6-30,14:27:28,INHOUSETEST3,individual,,0,,1,06282355_indiv_427,SWejmNwfTbU0Chl7AABA,1,8,6,121,,,,,,choice,,0,-1,-1,-1,-1,-1,-1,-1,-1,-1,-1,-1,-1,,,,,,,,,,,,
2022-6-30,14:27:30,INHOUSETEST3,individual,,0,,1,06282355_indiv_427,SWejmNwfTbU0Chl7AABA,1,9,4,97,,,,,,choice,,0,-1,-1,-1,-1,-1,-1,-1,-1,-1,-1,-1,-1,,,,,,,,,,,,
2022-6-30,14:27:34,INHOUSETEST3,individual,,0,,1,06282355_indiv_427,SWejmNwfTbU0Chl7AABA,1,10,8,131,,,,,,choice,,0,-1,-1,-1,-1,-1,-1,-1,-1,-1,-1,-1,-1,,,,,,,,,,,,
2022-6-30,14:28:18,INHOUSETEST3,,,0,,1,06282355_sessionIndiv_429,NU9aXuJ71VDhzYKTAABC,1,1,12,163,,,,,,choice,,0,-1,-1,-1,-1,-1,-1,-1,-1,-1,-1,-1,-1,,,,,,,,,,,,
2022-6-30,14:28:21,INHOUSETEST3,,,0,,1,06282355_sessionIndiv_429,NU9aXuJ71VDhzYKTAABC,1,2,3,81,,,,,,choice,,0,-1,-1,-1,-1,-1,-1,-1,-1,-1,-1,-1,-1,,,,,,,,,,,,
2022-6-30,14:28:23,INHOUSETEST3,,,0,,1,06282355_sessionIndiv_429,NU9aXuJ71VDhzYKTAABC,1,3,9,141,,,,,,choice,,0,-1,-1,-1,-1,-1,-1,-1,-1,-1,-1,-1,-1,,,,,,,,,,,,
2022-6-30,14:28:26,INHOUSETEST3,,,0,,1,06282355_sessionIndiv_429,NU9aXuJ71VDhzYKTAABC,1,4,6,115,,,,,,choice,,0,-1,-1,-1,-1,-1,-1,-1,-1,-1,-1,-1,-1,,,,,,,,,,,,
2022-6-30,14:28:29,INHOUSETEST3,,,0,,1,06282355_sessionIndiv_429,NU9aXuJ71VDhzYKTAABC,1,5,6,118,,,,,,choice,,0,-1,-1,-1,-1,-1,-1,-1,-1,-1,-1,-1,-1,,,,,,,,,,,,
2022-6-30,14:28:31,INHOUSETEST3,,,0,,1,06282355_sessionIndiv_429,NU9aXuJ71VDhzYKTAABC,1,6,6,111,,,,,,choice,,0,-1,-1,-1,-1,-1,-1,-1,-1,-1,-1,-1,-1,,,,,,,,,,,,
2022-6-30,14:28:33,INHOUSETEST3,,,0,,1,06282355_sessionIndiv_429,NU9aXuJ71VDhzYKTAABC,1,7,11,156,,,,,,choice,,0,-1,-1,-1,-1,-1,-1,-1,-1,-1,-1,-1,-1,,,,,,,,,,,,
2022-6-30,14:28:35,INHOUSETEST3,,,0,,1,06282355_sessionIndiv_429,NU9aXuJ71VDhzYKTAABC,1,8,4,87,,,,,,choice,,0,-1,-1,-1,-1,-1,-1,-1,-1,-1,-1,-1,-1,,,,,,,,,,,,
2022-6-30,14:28:37,INHOUSETEST3,,,0,,1,06282355_sessionIndiv_429,NU9aXuJ71VDhzYKTAABC,1,9,8,128,,,,,,choice,,0,-1,-1,-1,-1,-1,-1,-1,-1,-1,-1,-1,-1,,,,,,,,,,,,
2022-6-30,14:28:39,INHOUSETEST3,,,0,,1,06282355_sessionIndiv_429,NU9aXuJ71VDhzYKTAABC,1,10,14,176,,,,,,choice,,0,-1,-1,-1,-1,-1,-1,-1,-1,-1,-1,-1,-1,,,,,,,,,,,,
2022-6-30,14:29:9,INHOUSETEST3,,,0,,1,06282355_sessionIndiv_431,slNOvL_i3-8ks7ckAABE,1,1,10,149,,,,,,choice,,0,-1,-1,-1,-1,-1,-1,-1,-1,-1,-1,-1,-1,,,,,,,,,,,,
2022-6-30,14:29:46,INHOUSETEST3,,,0,,1,06282355_sessionIndiv_433,lhNf3oivprtLMYZgAABG,1,1,9,135,,,,,,choice,,0,-1,-1,-1,-1,-1,-1,-1,-1,-1,-1,-1,-1,,,,,,,,,,,,
2022-6-30,14:30:12,INHOUSETEST3,,,0,,1,06282355_sessionIndiv_435,GUaGcI9gm17hc2j6AABI,1,1,16,210,,,,,,choice,,0,-1,-1,-1,-1,-1,-1,-1,-1,-1,-1,-1,-1,,,,,,,,,,,,
2022-6-30,14:30:39,INHOUSETEST3,,,0,,1,06282355_sessionIndiv_437,ZTasg-wHsQqI-nrYAABK,1,1,1,56,,,,,,choice,,0,-1,-1,-1,-1,-1,-1,-1,-1,-1,-1,-1,-1,,,,,,,,,,,,
2022-6-30,14:31:27,INHOUSETEST3,,,0,,1,06282355_sessionIndiv_439,-1m_7oFWDjWOg_-EAABM,1,1,11,165,,,,,,choice,,0,-1,-1,-1,-1,-1,-1,-1,-1,-1,-1,-1,-1,,,,,,,,,,,,
2022-6-30,14:31:33,INHOUSETEST3,,,0,,1,06282355_sessionIndiv_439,-1m_7oFWDjWOg_-EAABM,1,2,1,59,,,,,,choice,,0,-1,-1,-1,-1,-1,-1,-1,-1,-1,-1,-1,-1,,,,,,,,,,,,
2022-6-30,14:31:37,INHOUSETEST3,,,0,,1,06282355_sessionIndiv_439,-1m_7oFWDjWOg_-EAABM,1,3,13,181,,,,,,choice,,0,-1,-1,-1,-1,-1,-1,-1,-1,-1,-1,-1,-1,,,,,,,,,,,,
2022-6-30,14:31:39,INHOUSETEST3,,,0,,1,06282355_sessionIndiv_439,-1m_7oFWDjWOg_-EAABM,1,4,6,113,,,,,,choice,,0,-1,-1,-1,-1,-1,-1,-1,-1,-1,-1,-1,-1,,,,,,,,,,,,
2022-6-30,14:31:41,INHOUSETEST3,,,0,,1,06282355_sessionIndiv_439,-1m_7oFWDjWOg_-EAABM,1,5,15,196,,,,,,choice,,0,-1,-1,-1,-1,-1,-1,-1,-1,-1,-1,-1,-1,,,,,,,,,,,,
2022-6-30,14:31:44,INHOUSETEST3,,,0,,1,06282355_sessionIndiv_439,-1m_7oFWDjWOg_-EAABM,1,6,10,153,,,,,,choice,,0,-1,-1,-1,-1,-1,-1,-1,-1,-1,-1,-1,-1,,,,,,,,,,,,
2022-6-30,14:31:46,INHOUSETEST3,,,0,,1,06282355_sessionIndiv_439,-1m_7oFWDjWOg_-EAABM,1,7,4,94,,,,,,choice,,0,-1,-1,-1,-1,-1,-1,-1,-1,-1,-1,-1,-1,,,,,,,,,,,,
2022-6-30,14:31:48,INHOUSETEST3,,,0,,1,06282355_sessionIndiv_439,-1m_7oFWDjWOg_-EAABM,1,8,3,82,,,,,,choice,,0,-1,-1,-1,-1,-1,-1,-1,-1,-1,-1,-1,-1,,,,,,,,,,,,
2022-6-30,14:31:51,INHOUSETEST3,,,0,,1,06282355_sessionIndiv_439,-1m_7oFWDjWOg_-EAABM,1,9,7,117,,,,,,choice,,0,-1,-1,-1,-1,-1,-1,-1,-1,-1,-1,-1,-1,,,,,,,,,,,,
2022-6-30,14:31:53,INHOUSETEST3,,,0,,1,06282355_sessionIndiv_439,-1m_7oFWDjWOg_-EAABM,1,10,9,139,,,,,,choice,,0,-1,-1,-1,-1,-1,-1,-1,-1,-1,-1,-1,-1,,,,,,,,,,,,
2022-7-2,12:42:13,INHOUSETEST3,individual,,0,,1,06282355_indiv_471,oy2Wh6k6HWvKmB1OAACK,1,1,3,78,,,,,,choice,,0,-1,-1,-1,-1,-1,-1,-1,-1,-1,-1,-1,-1,,,,,,,,,,,,
2022-7-2,12:42:31,INHOUSETEST3,individual,,0,,1,06282355_indiv_471,oy2Wh6k6HWvKmB1OAACK,1,2,3,70,,,,,,choice,,0,-1,-1,-1,-1,-1,-1,-1,-1,-1,-1,-1,-1,,,,,,,,,,,,
2022-7-2,12:42:49,INHOUSETEST3,individual,,0,,1,06282355_indiv_471,oy2Wh6k6HWvKmB1OAACK,1,3,3,81,,,,,,choice,,0,-1,-1,-1,-1,-1,-1,-1,-1,-1,-1,-1,-1,,,,,,,,,,,,
2022-7-2,12:43:6,INHOUSETEST3,individual,,0,,1,06282355_indiv_471,oy2Wh6k6HWvKmB1OAACK,1,4,3,80,,,,,,choice,,0,-1,-1,-1,-1,-1,-1,-1,-1,-1,-1,-1,-1,,,,,,,,,,,,
2022-7-2,12:43:24,INHOUSETEST3,individual,,0,,1,06282355_indiv_471,oy2Wh6k6HWvKmB1OAACK,1,5,3,77,,,,,,choice,,0,-1,-1,-1,-1,-1,-1,-1,-1,-1,-1,-1,-1,,,,,,,,,,,,
2022-7-2,12:46:57,INHOUSETEST3,individual,,0,,1,06282355_indiv_474,2HZJdu_QB7_OSBQFAACS,1,1,16,213,,,,,,choice,,0,-1,-1,-1,-1,-1,-1,-1,-1,-1,-1,-1,-1,,,,,,,,,,,,
2022-7-2,12:47:0,INHOUSETEST3,individual,,0,,1,06282355_indiv_474,2HZJdu_QB7_OSBQFAACS,1,2,1,63,,,,,,choice,,0,-1,-1,-1,-1,-1,-1,-1,-1,-1,-1,-1,-1,,,,,,,,,,,,
2022-7-2,12:47:17,INHOUSETEST3,individual,,0,,1,06282355_indiv_474,2HZJdu_QB7_OSBQFAACS,1,3,1,63,,,,,,choice,,0,-1,-1,-1,-1,-1,-1,-1,-1,-1,-1,-1,-1,,,,,,,,,,,,
2022-7-2,12:47:35,INHOUSETEST3,individual,,0,,1,06282355_indiv_474,2HZJdu_QB7_OSBQFAACS,1,4,1,67,,,,,,choice,,0,-1,-1,-1,-1,-1,-1,-1,-1,-1,-1,-1,-1,,,,,,,,,,,,
2022-7-2,12:47:52,INHOUSETEST3,individual,,0,,1,06282355_indiv_474,2HZJdu_QB7_OSBQFAACS,1,5,1,60,,,,,,choice,,0,-1,-1,-1,-1,-1,-1,-1,-1,-1,-1,-1,-1,,,,,,,,,,,,
2022-7-2,12:48:10,INHOUSETEST3,individual,,0,,1,06282355_indiv_474,2HZJdu_QB7_OSBQFAACS,1,6,1,63,,,,,,choice,,0,-1,-1,-1,-1,-1,-1,-1,-1,-1,-1,-1,-1,,,,,,,,,,,,
2022-7-2,12:48:27,INHOUSETEST3,individual,,0,,1,06282355_indiv_474,2HZJdu_QB7_OSBQFAACS,1,7,1,64,,,,,,choice,,0,-1,-1,-1,-1,-1,-1,-1,-1,-1,-1,-1,-1,,,,,,,,,,,,
2022-7-2,12:48:45,INHOUSETEST3,individual,,0,,1,06282355_indiv_474,2HZJdu_QB7_OSBQFAACS,1,8,1,54,,,,,,choice,,0,-1,-1,-1,-1,-1,-1,-1,-1,-1,-1,-1,-1,,,,,,,,,,,,
2022-7-2,12:49:2,INHOUSETEST3,individual,,0,,1,06282355_indiv_474,2HZJdu_QB7_OSBQFAACS,1,9,1,61,,,,,,choice,,0,-1,-1,-1,-1,-1,-1,-1,-1,-1,-1,-1,-1,,,,,,,,,,,,
2022-7-2,12:49:20,INHOUSETEST3,individual,,0,,1,06282355_indiv_474,2HZJdu_QB7_OSBQFAACS,1,10,1,61,,,,,,choice,,0,-1,-1,-1,-1,-1,-1,-1,-1,-1,-1,-1,-1,,,,,,,,,,,,
2022-7-2,17:47:52,INHOUSETEST3,individual,,0,,1,07021747_indiv_402,2e0e5F5i2EUeCQIRAAAD,1,1,4,91,,,,,,choice,,0,-1,-1,-1,-1,-1,-1,-1,-1,-1,-1,-1,-1,,,,,,,,,,,,
2022-7-2,17:47:55,INHOUSETEST3,individual,,0,,1,07021747_indiv_402,2e0e5F5i2EUeCQIRAAAD,1,2,10,158,,,,,,choice,,0,-1,-1,-1,-1,-1,-1,-1,-1,-1,-1,-1,-1,,,,,,,,,,,,
2022-7-2,17:56:9,INHOUSETEST3,individual,,0,,1,07021747_indiv_403,t5pu24kRH1cuYZumAAAO,1,1,16,213,,,,,,choice,,0,-1,-1,-1,-1,-1,-1,-1,-1,-1,-1,-1,-1,,,,,,,,,,,,
2022-7-2,17:56:13,INHOUSETEST3,individual,,0,,1,07021747_indiv_403,t5pu24kRH1cuYZumAAAO,1,2,7,119,,,,,,choice,,0,-1,-1,-1,-1,-1,-1,-1,-1,-1,-1,-1,-1,,,,,,,,,,,,
2022-7-2,18:35:59,INHOUSETEST3,individual,,0,,1,07021835_indiv_402,AwEzVnUumwwRc-2WAAAS,1,1,1,63,,,,,,choice,,0,-1,-1,-1,-1,-1,-1,-1,-1,-1,-1,-1,-1,,,,,,,,,,,,
2022-7-2,18:36:3,INHOUSETEST3,individual,,0,,1,07021835_indiv_402,AwEzVnUumwwRc-2WAAAS,1,2,15,205,,,,,,choice,,0,-1,-1,-1,-1,-1,-1,-1,-1,-1,-1,-1,-1,,,,,,,,,,,,
2022-7-2,18:36:10,INHOUSETEST3,individual,,0,,1,07021835_indiv_402,AwEzVnUumwwRc-2WAAAS,1,3,1,57,,,,,,choice,,0,-1,-1,-1,-1,-1,-1,-1,-1,-1,-1,-1,-1,,,,,,,,,,,,
2022-7-2,18:36:13,INHOUSETEST3,individual,,0,,1,07021835_indiv_402,AwEzVnUumwwRc-2WAAAS,1,4,3,77,,,,,,choice,,0,-1,-1,-1,-1,-1,-1,-1,-1,-1,-1,-1,-1,,,,,,,,,,,,
2022-7-2,18:36:16,INHOUSETEST3,individual,,0,,1,07021835_indiv_402,AwEzVnUumwwRc-2WAAAS,1,5,8,124,,,,,,choice,,0,-1,-1,-1,-1,-1,-1,-1,-1,-1,-1,-1,-1,,,,,,,,,,,,
2022-7-2,18:36:18,INHOUSETEST3,individual,,0,,1,07021835_indiv_402,AwEzVnUumwwRc-2WAAAS,1,6,11,158,,,,,,choice,,0,-1,-1,-1,-1,-1,-1,-1,-1,-1,-1,-1,-1,,,,,,,,,,,,
2022-7-2,18:36:21,INHOUSETEST3,individual,,0,,1,07021835_indiv_402,AwEzVnUumwwRc-2WAAAS,1,7,4,88,,,,,,choice,,0,-1,-1,-1,-1,-1,-1,-1,-1,-1,-1,-1,-1,,,,,,,,,,,,
2022-7-2,18:36:24,INHOUSETEST3,individual,,0,,1,07021835_indiv_402,AwEzVnUumwwRc-2WAAAS,1,8,5,101,,,,,,choice,,0,-1,-1,-1,-1,-1,-1,-1,-1,-1,-1,-1,-1,,,,,,,,,,,,
2022-7-2,18:36:27,INHOUSETEST3,individual,,0,,1,07021835_indiv_402,AwEzVnUumwwRc-2WAAAS,1,9,16,215,,,,,,choice,,0,-1,-1,-1,-1,-1,-1,-1,-1,-1,-1,-1,-1,,,,,,,,,,,,
2022-7-2,18:36:30,INHOUSETEST3,individual,,0,,1,07021835_indiv_402,AwEzVnUumwwRc-2WAAAS,1,10,13,184,,,,,,choice,,0,-1,-1,-1,-1,-1,-1,-1,-1,-1,-1,-1,-1,,,,,,,,,,,,
2022-7-3,10:31:44,INHOUSETEST3,individual,,0,,1,07021835_indiv_404,fazMi5l8woyG5YafAAAm,1,1,1,58,,,,,,choice,,0,-1,-1,-1,-1,-1,-1,-1,-1,-1,-1,-1,-1,,,,,,,,,,,,
2022-7-3,10:49:16,INHOUSETEST3,individual,,0,,1,07021835_indiv_405,LSgWl7sPVsOKJCAeAAAo,1,1,6,109,,,,,,choice,,0,-1,-1,-1,-1,-1,-1,-1,-1,-1,-1,-1,-1,,,,,,,,,,,,
2022-7-3,10:49:19,INHOUSETEST3,individual,,0,,1,07021835_indiv_405,LSgWl7sPVsOKJCAeAAAo,1,2,16,208,,,,,,choice,,0,-1,-1,-1,-1,-1,-1,-1,-1,-1,-1,-1,-1,,,,,,,,,,,,
2022-7-3,10:49:21,INHOUSETEST3,individual,,0,,1,07021835_indiv_405,LSgWl7sPVsOKJCAeAAAo,1,3,12,173,,,,,,choice,,0,-1,-1,-1,-1,-1,-1,-1,-1,-1,-1,-1,-1,,,,,,,,,,,,
2022-7-3,10:49:24,INHOUSETEST3,individual,,0,,1,07021835_indiv_405,LSgWl7sPVsOKJCAeAAAo,1,4,5,105,,,,,,choice,,0,-1,-1,-1,-1,-1,-1,-1,-1,-1,-1,-1,-1,,,,,,,,,,,,
2022-7-3,10:50:36,INHOUSETEST3,,,0,,1,07021835_sessionIndiv_406,QIPBVRS1b0qHAXvpAAAq,1,1,6,103,,,,,,choice,,0,-1,-1,-1,-1,-1,-1,-1,-1,-1,-1,-1,-1,,,,,,,,,,,,
2022-7-3,10:50:38,INHOUSETEST3,,,0,,1,07021835_sessionIndiv_406,QIPBVRS1b0qHAXvpAAAq,1,2,15,190,,,,,,choice,,0,-1,-1,-1,-1,-1,-1,-1,-1,-1,-1,-1,-1,,,,,,,,,,,,
2022-7-3,10:50:41,INHOUSETEST3,,,0,,1,07021835_sessionIndiv_406,QIPBVRS1b0qHAXvpAAAq,1,3,12,171,,,,,,choice,,0,-1,-1,-1,-1,-1,-1,-1,-1,-1,-1,-1,-1,,,,,,,,,,,,
2022-7-3,10:50:44,INHOUSETEST3,,,0,,1,07021835_sessionIndiv_406,QIPBVRS1b0qHAXvpAAAq,1,4,16,199,,,,,,choice,,0,-1,-1,-1,-1,-1,-1,-1,-1,-1,-1,-1,-1,,,,,,,,,,,,
2022-7-3,10:50:47,INHOUSETEST3,,,0,,1,07021835_sessionIndiv_406,QIPBVRS1b0qHAXvpAAAq,1,5,4,88,,,,,,choice,,0,-1,-1,-1,-1,-1,-1,-1,-1,-1,-1,-1,-1,,,,,,,,,,,,
2022-7-3,10:50:50,INHOUSETEST3,,,0,,1,07021835_sessionIndiv_406,QIPBVRS1b0qHAXvpAAAq,1,6,5,99,,,,,,choice,,0,-1,-1,-1,-1,-1,-1,-1,-1,-1,-1,-1,-1,,,,,,,,,,,,
2022-7-3,10:50:54,INHOUSETEST3,,,0,,1,07021835_sessionIndiv_406,QIPBVRS1b0qHAXvpAAAq,1,7,12,166,,,,,,choice,,0,-1,-1,-1,-1,-1,-1,-1,-1,-1,-1,-1,-1,,,,,,,,,,,,
2022-7-3,10:50:57,INHOUSETEST3,,,0,,1,07021835_sessionIndiv_406,QIPBVRS1b0qHAXvpAAAq,1,8,16,211,,,,,,choice,,0,-1,-1,-1,-1,-1,-1,-1,-1,-1,-1,-1,-1,,,,,,,,,,,,
2022-7-3,10:51:3,INHOUSETEST3,,,0,,1,07021835_sessionIndiv_406,QIPBVRS1b0qHAXvpAAAq,1,9,15,197,,,,,,choice,,0,-1,-1,-1,-1,-1,-1,-1,-1,-1,-1,-1,-1,,,,,,,,,,,,
2022-7-3,10:51:6,INHOUSETEST3,,,0,,1,07021835_sessionIndiv_406,QIPBVRS1b0qHAXvpAAAq,1,10,6,105,,,,,,choice,,0,-1,-1,-1,-1,-1,-1,-1,-1,-1,-1,-1,-1,,,,,,,,,,,,
2022-7-3,12:9:9,INHOUSETEST3,individual,,0,,1,07021835_indiv_407,_zlAcPP7wqvVekMhAAAx,1,1,12,173,,,,,,choice,,0,-1,-1,-1,-1,-1,-1,-1,-1,-1,-1,-1,-1,,,,,,,,,,,,
2022-7-3,12:9:11,INHOUSETEST3,individual,,0,,1,07021835_indiv_407,_zlAcPP7wqvVekMhAAAx,1,2,4,95,,,,,,choice,,0,-1,-1,-1,-1,-1,-1,-1,-1,-1,-1,-1,-1,,,,,,,,,,,,
2022-7-3,12:58:39,INHOUSETEST3,individual,,0,,1,07021835_indiv_408,gvnT9_9cuZ7TQ1EEAAA2,1,1,9,143,,,,,,choice,,0,-1,-1,-1,-1,-1,-1,-1,-1,-1,-1,-1,-1,,,,,,,,,,,,
2022-7-3,12:58:43,INHOUSETEST3,individual,,0,,1,07021835_indiv_408,gvnT9_9cuZ7TQ1EEAAA2,1,2,5,98,,,,,,choice,,0,-1,-1,-1,-1,-1,-1,-1,-1,-1,-1,-1,-1,,,,,,,,,,,,
2022-7-3,12:58:45,INHOUSETEST3,individual,,0,,1,07021835_indiv_408,gvnT9_9cuZ7TQ1EEAAA2,1,3,10,144,,,,,,choice,,0,-1,-1,-1,-1,-1,-1,-1,-1,-1,-1,-1,-1,,,,,,,,,,,,
2022-7-3,12:58:48,INHOUSETEST3,individual,,0,,1,07021835_indiv_408,gvnT9_9cuZ7TQ1EEAAA2,1,4,8,128,,,,,,choice,,0,-1,-1,-1,-1,-1,-1,-1,-1,-1,-1,-1,-1,,,,,,,,,,,,
2022-7-3,12:58:50,INHOUSETEST3,individual,,0,,1,07021835_indiv_408,gvnT9_9cuZ7TQ1EEAAA2,1,5,16,212,,,,,,choice,,0,-1,-1,-1,-1,-1,-1,-1,-1,-1,-1,-1,-1,,,,,,,,,,,,
2022-7-3,12:58:52,INHOUSETEST3,individual,,0,,1,07021835_indiv_408,gvnT9_9cuZ7TQ1EEAAA2,1,6,3,81,,,,,,choice,,0,-1,-1,-1,-1,-1,-1,-1,-1,-1,-1,-1,-1,,,,,,,,,,,,
2022-7-3,12:58:54,INHOUSETEST3,individual,,0,,1,07021835_indiv_408,gvnT9_9cuZ7TQ1EEAAA2,1,7,15,203,,,,,,choice,,0,-1,-1,-1,-1,-1,-1,-1,-1,-1,-1,-1,-1,,,,,,,,,,,,
2022-7-3,12:58:57,INHOUSETEST3,individual,,0,,1,07021835_indiv_408,gvnT9_9cuZ7TQ1EEAAA2,1,8,6,116,,,,,,choice,,0,-1,-1,-1,-1,-1,-1,-1,-1,-1,-1,-1,-1,,,,,,,,,,,,
2022-7-3,12:58:59,INHOUSETEST3,individual,,0,,1,07021835_indiv_408,gvnT9_9cuZ7TQ1EEAAA2,1,9,4,94,,,,,,choice,,0,-1,-1,-1,-1,-1,-1,-1,-1,-1,-1,-1,-1,,,,,,,,,,,,
2022-7-3,12:59:1,INHOUSETEST3,individual,,0,,1,07021835_indiv_408,gvnT9_9cuZ7TQ1EEAAA2,1,10,13,184,,,,,,choice,,0,-1,-1,-1,-1,-1,-1,-1,-1,-1,-1,-1,-1,,,,,,,,,,,,
2022-7-3,18:15:23,INHOUSETEST3,,,0,,1,07031814_sessionIndiv_402,RWaIo2J1dza08lbMAAAI,1,1,1,63,,,,,,choice,,0,-1,-1,-1,-1,-1,-1,-1,-1,-1,-1,-1,-1,,,,,,,,,,,,
2022-7-3,18:15:28,INHOUSETEST3,,,0,,1,07031814_sessionIndiv_402,RWaIo2J1dza08lbMAAAI,1,2,5,101,,,,,,choice,,0,-1,-1,-1,-1,-1,-1,-1,-1,-1,-1,-1,-1,,,,,,,,,,,,
2022-7-3,18:15:47,INHOUSETEST3,group,,1,,2,jnHBLWd_session_403,hBeRxrjuZ9ET2pbtAAAM,2,1,15,202,,,,,,choice,,0,-1,-1,-1,-1,-1,-1,-1,-1,-1,-1,-1,-1,,,,,,,,,,,,
2022-7-3,18:15:50,INHOUSETEST3,group,,1,,2,jnHBLWd_session_403,TyPJChr_s_Q6ZIJ3AAAK,1,1,3,83,,,,,,choice,,0,-1,-1,-1,-1,-1,-1,-1,-1,-1,-1,-1,-1,,,,,,,,,,,,
2022-7-3,18:15:54,INHOUSETEST3,group,,1,,2,jnHBLWd_session_403,hBeRxrjuZ9ET2pbtAAAM,2,2,15,210,,,,,,choice,,0,-1,-1,-1,-1,-1,-1,-1,-1,-1,-1,-1,-1,,,,,,,,,,,,
2022-7-3,18:15:56,INHOUSETEST3,group,,1,,2,jnHBLWd_session_403,TyPJChr_s_Q6ZIJ3AAAK,1,2,15,188,,,,,,choice,,0,-1,-1,-1,-1,-1,-1,-1,-1,-1,-1,-1,-1,,,,,,,,,,,,
2022-7-3,18:16:14,INHOUSETEST3,group,,1,,2,jnHBLWd_session_403,TyPJChr_s_Q6ZIJ3AAAK,1,3,15,198,,,,,,choice,,0,-1,-1,-1,-1,-1,-1,-1,-1,-1,-1,-1,-1,,,,,,,,,,,,
2022-7-3,18:16:14,INHOUSETEST3,group,,1,,2,jnHBLWd_session_403,hBeRxrjuZ9ET2pbtAAAM,2,3,15,202,,,,,,choice,,0,-1,-1,-1,-1,-1,-1,-1,-1,-1,-1,-1,-1,,,,,,,,,,,,
2022-7-3,18:16:31,INHOUSETEST3,group,,1,,2,jnHBLWd_session_403,TyPJChr_s_Q6ZIJ3AAAK,1,4,15,200,,,,,,choice,,0,-1,-1,-1,-1,-1,-1,-1,-1,-1,-1,-1,-1,,,,,,,,,,,,
2022-7-3,18:16:31,INHOUSETEST3,group,,1,,2,jnHBLWd_session_403,hBeRxrjuZ9ET2pbtAAAM,2,4,15,203,,,,,,choice,,0,-1,-1,-1,-1,-1,-1,-1,-1,-1,-1,-1,-1,,,,,,,,,,,,
2022-7-3,18:16:49,INHOUSETEST3,group,,1,,2,jnHBLWd_session_403,TyPJChr_s_Q6ZIJ3AAAK,1,5,15,197,,,,,,choice,,0,-1,-1,-1,-1,-1,-1,-1,-1,-1,-1,-1,-1,,,,,,,,,,,,
2022-7-3,18:16:49,INHOUSETEST3,group,,1,,2,jnHBLWd_session_403,hBeRxrjuZ9ET2pbtAAAM,2,5,15,198,,,,,,choice,,0,-1,-1,-1,-1,-1,-1,-1,-1,-1,-1,-1,-1,,,,,,,,,,,,
2022-7-3,18:17:7,INHOUSETEST3,group,,1,,2,jnHBLWd_session_403,TyPJChr_s_Q6ZIJ3AAAK,1,6,15,192,,,,,,choice,,0,-1,-1,-1,-1,-1,-1,-1,-1,-1,-1,-1,-1,,,,,,,,,,,,
2022-7-3,18:17:7,INHOUSETEST3,group,,1,,2,jnHBLWd_session_403,hBeRxrjuZ9ET2pbtAAAM,2,6,15,201,,,,,,choice,,0,-1,-1,-1,-1,-1,-1,-1,-1,-1,-1,-1,-1,,,,,,,,,,,,
2022-7-3,18:17:9,INHOUSETEST3,group,,1,,2,jnHBLWd_session_403,TyPJChr_s_Q6ZIJ3AAAK,1,7,14,198,,,,,,choice,,0,-1,-1,-1,-1,-1,-1,-1,-1,-1,-1,-1,-1,,,,,,,,,,,,
2022-7-3,18:17:44,INHOUSETEST3,group,,1,,2,hGgnQGP_session_405,1bMcwuZHx4HGxrHkAAAS,1,1,9,143,,,,,,choice,,0,-1,-1,-1,-1,-1,-1,-1,-1,-1,-1,-1,-1,,,,,,,,,,,,
2022-7-3,18:17:47,INHOUSETEST3,group,,1,,2,hGgnQGP_session_405,1bMcwuZHx4HGxrHkAAAS,1,2,15,196,,,,,,choice,,0,0,0,0,0,0,0,0,0,0,0,0,1,,,,,,,,,,,,
2022-7-3,18:17:50,INHOUSETEST3,group,,1,,2,hGgnQGP_session_405,fntezvGDd-aZZs-QAAAU,2,3,15,214,,,,,,choice,,0,0,0,0,0,0,0,0,1,0,0,0,0,,,,,,,,,,,,
2022-7-3,18:17:50,INHOUSETEST3,group,,1,,2,hGgnQGP_session_405,1bMcwuZHx4HGxrHkAAAS,1,3,15,192,,,,,,choice,,0,0,0,0,0,0,0,0,1,0,0,0,0,,,,,,,,,,,,
2022-7-3,18:17:55,INHOUSETEST3,group,,1,,2,hGgnQGP_session_405,1bMcwuZHx4HGxrHkAAAS,1,3,6,111,,,,,,choice,,0,0,0,0,0,0,0,0,1,0,0,0,0,,,,,,,,,,,,
2022-7-3,18:18:1,INHOUSETEST3,group,,1,,2,hGgnQGP_session_405,1bMcwuZHx4HGxrHkAAAS,1,4,15,201,,,,,,choice,,0,0,0,0,0,0,0,0,0,0,0,0,1,,,,,,,,,,,,
2022-7-3,18:18:4,INHOUSETEST3,group,,1,,2,hGgnQGP_session_405,1bMcwuZHx4HGxrHkAAAS,1,5,6,111,,,,,,choice,,0,0,0,0,0,0,0,0,1,0,0,0,0,,,,,,,,,,,,
2022-7-3,18:18:6,INHOUSETEST3,group,,1,,2,hGgnQGP_session_405,fntezvGDd-aZZs-QAAAU,2,6,6,113,,,,,,choice,,0,0,0,0,0,0,0,0,0,0,0,0,1,,,,,,,,,,,,
2022-7-3,18:18:6,INHOUSETEST3,group,,1,,2,hGgnQGP_session_405,1bMcwuZHx4HGxrHkAAAS,1,6,6,119,,,,,,choice,,0,0,0,0,0,0,0,0,0,0,0,0,1,,,,,,,,,,,,
2022-7-3,18:18:9,INHOUSETEST3,group,,1,,2,hGgnQGP_session_405,1bMcwuZHx4HGxrHkAAAS,1,6,15,197,,,,,,choice,,0,0,0,0,0,0,0,0,0,0,0,0,1,,,,,,,,,,,,
2022-7-3,18:18:11,INHOUSETEST3,group,,1,,2,hGgnQGP_session_405,fntezvGDd-aZZs-QAAAU,2,7,15,201,,,,,,choice,,0,0,0,0,0,0,0,0,1,0,0,0,0,,,,,,,,,,,,
2022-7-3,18:18:11,INHOUSETEST3,group,,1,,2,hGgnQGP_session_405,1bMcwuZHx4HGxrHkAAAS,1,7,15,191,,,,,,choice,,0,0,0,0,0,0,0,0,1,0,0,0,0,,,,,,,,,,,,
2022-7-3,18:18:14,INHOUSETEST3,group,,1,,2,hGgnQGP_session_405,1bMcwuZHx4HGxrHkAAAS,1,7,15,202,,,,,,choice,,0,0,0,0,0,0,0,0,1,0,0,0,0,,,,,,,,,,,,
2022-7-3,18:18:32,INHOUSETEST3,group,,1,,2,hGgnQGP_session_405,1bMcwuZHx4HGxrHkAAAS,1,8,15,203,,,,,,choice,,0,0,0,0,0,0,0,0,1,0,0,0,0,,,,,,,,,,,,
2022-7-3,18:30:14,INHOUSETEST3,,,0,,1,07031829_sessionIndiv_404,j4i_KJpcI9OfYLkWAAAD,1,1,1,68,,,,,,choice,,0,-1,-1,-1,-1,-1,-1,-1,-1,-1,-1,-1,-1,,,,,,,,,,,,
2022-7-3,18:30:20,INHOUSETEST3,,,0,,1,07031829_sessionIndiv_404,j4i_KJpcI9OfYLkWAAAD,1,2,6,106,,,,,,choice,,0,-1,-1,-1,-1,-1,-1,-1,-1,-1,-1,-1,-1,,,,,,,,,,,,
2022-7-3,18:30:37,INHOUSETEST3,,,0,,1,07031829_sessionIndiv_404,j4i_KJpcI9OfYLkWAAAD,1,3,2,63,,,,,,choice,,0,-1,-1,-1,-1,-1,-1,-1,-1,-1,-1,-1,-1,,,,,,,,,,,,
2022-7-3,18:30:44,INHOUSETEST3,,,0,,1,07031829_sessionIndiv_404,j4i_KJpcI9OfYLkWAAAD,1,4,12,167,,,,,,choice,,0,-1,-1,-1,-1,-1,-1,-1,-1,-1,-1,-1,-1,,,,,,,,,,,,
2022-7-3,18:31:2,INHOUSETEST3,,,0,,1,07031829_sessionIndiv_404,j4i_KJpcI9OfYLkWAAAD,1,5,12,165,,,,,,choice,,0,-1,-1,-1,-1,-1,-1,-1,-1,-1,-1,-1,-1,,,,,,,,,,,,
2022-7-3,18:31:7,INHOUSETEST3,,,0,,1,07031829_sessionIndiv_404,j4i_KJpcI9OfYLkWAAAD,1,6,14,192,,,,,,choice,,0,-1,-1,-1,-1,-1,-1,-1,-1,-1,-1,-1,-1,,,,,,,,,,,,
2022-7-3,18:31:11,INHOUSETEST3,,,0,,1,07031829_sessionIndiv_404,j4i_KJpcI9OfYLkWAAAD,1,7,4,99,,,,,,choice,,0,-1,-1,-1,-1,-1,-1,-1,-1,-1,-1,-1,-1,,,,,,,,,,,,
2022-7-3,18:31:29,INHOUSETEST3,,,0,,1,07031829_sessionIndiv_404,j4i_KJpcI9OfYLkWAAAD,1,8,4,90,,,,,,choice,,0,-1,-1,-1,-1,-1,-1,-1,-1,-1,-1,-1,-1,,,,,,,,,,,,
2022-7-3,18:31:47,INHOUSETEST3,,,0,,1,07031829_sessionIndiv_404,j4i_KJpcI9OfYLkWAAAD,1,9,4,100,,,,,,choice,,0,-1,-1,-1,-1,-1,-1,-1,-1,-1,-1,-1,-1,,,,,,,,,,,,
2022-7-3,18:32:5,INHOUSETEST3,,,0,,1,07031829_sessionIndiv_404,j4i_KJpcI9OfYLkWAAAD,1,10,4,92,,,,,,choice,,0,-1,-1,-1,-1,-1,-1,-1,-1,-1,-1,-1,-1,,,,,,,,,,,,
2022-7-3,18:30:17,INHOUSETEST3,,,0,,1,07031829_sessionIndiv_405,j7kbP2rn1eDtcLmOAAAF,1,1,13,184,,,,,,choice,,0,-1,-1,-1,-1,-1,-1,-1,-1,-1,-1,-1,-1,,,,,,,,,,,,
2022-7-3,18:32:27,INHOUSETEST3,,,0,,1,07031829_sessionIndiv_407,Nlv7xqW19rnQI_t9AAAH,1,1,7,114,,,,,,choice,,0,-1,-1,-1,-1,-1,-1,-1,-1,-1,-1,-1,-1,,,,,,,,,,,,
2022-7-3,18:40:54,INHOUSETEST3,individual,,0,,1,07031840_sessionIndiv_404,q707FbnMpPbJuJ0qAAAF,1,1,15,207,,,,,,choice,,0,-1,-1,-1,-1,-1,-1,-1,-1,-1,-1,-1,-1,,,,,,,,,,,,
2022-7-3,18:41:33,INHOUSETEST3,individual,,0,,1,07031840_sessionIndiv_407,eRT3LL0A1FgMziAzAAAN,1,1,1,61,,,,,,choice,,0,-1,-1,-1,-1,-1,-1,-1,-1,-1,-1,-1,-1,,,,,,,,,,,,
2022-7-3,18:41:36,INHOUSETEST3,individual,,0,,1,07031840_sessionIndiv_407,eRT3LL0A1FgMziAzAAAN,1,2,5,99,,,,,,choice,,0,-1,-1,-1,-1,-1,-1,-1,-1,-1,-1,-1,-1,,,,,,,,,,,,
2022-7-3,18:41:41,INHOUSETEST3,individual,,0,,1,07031840_sessionIndiv_407,eRT3LL0A1FgMziAzAAAN,1,3,16,214,,,,,,choice,,0,-1,-1,-1,-1,-1,-1,-1,-1,-1,-1,-1,-1,,,,,,,,,,,,
2022-7-3,18:41:43,INHOUSETEST3,individual,,0,,1,07031840_sessionIndiv_407,eRT3LL0A1FgMziAzAAAN,1,4,3,74,,,,,,choice,,0,-1,-1,-1,-1,-1,-1,-1,-1,-1,-1,-1,-1,,,,,,,,,,,,
2022-7-3,18:42:0,INHOUSETEST3,individual,,0,,1,07031840_sessionIndiv_409,K65gZ8aaaenzNr7IAAAR,1,1,11,161,,,,,,choice,,0,-1,-1,-1,-1,-1,-1,-1,-1,-1,-1,-1,-1,,,,,,,,,,,,
2022-7-3,18:50:47,INHOUSETEST3,individual,,0,,1,07031850_sessionIndiv_404,SJIhqlHosUHr-CUwAAAF,1,1,9,135,,,,,,choice,,0,-1,-1,-1,-1,-1,-1,-1,-1,-1,-1,-1,-1,,,,,,,,,,,,
2022-7-3,18:53:18,INHOUSETEST3,individual,,0,,1,07031850_sessionIndiv_407,lS5cJI-X4LX8h157AAAJ,1,1,7,116,,,,,,choice,,0,-1,-1,-1,-1,-1,-1,-1,-1,-1,-1,-1,-1,,,,,,,,,,,,
2022-7-3,18:53:21,INHOUSETEST3,individual,,0,,1,07031850_sessionIndiv_407,lS5cJI-X4LX8h157AAAJ,1,2,8,134,,,,,,choice,,0,-1,-1,-1,-1,-1,-1,-1,-1,-1,-1,-1,-1,,,,,,,,,,,,
2022-7-3,18:53:24,INHOUSETEST3,individual,,0,,1,07031850_sessionIndiv_407,lS5cJI-X4LX8h157AAAJ,1,3,1,60,,,,,,choice,,0,-1,-1,-1,-1,-1,-1,-1,-1,-1,-1,-1,-1,,,,,,,,,,,,
2022-7-3,18:53:27,INHOUSETEST3,individual,,0,,1,07031850_sessionIndiv_407,lS5cJI-X4LX8h157AAAJ,1,4,10,149,,,,,,choice,,0,-1,-1,-1,-1,-1,-1,-1,-1,-1,-1,-1,-1,,,,,,,,,,,,
2022-7-3,18:53:33,INHOUSETEST3,individual,,0,,1,07031850_sessionIndiv_407,lS5cJI-X4LX8h157AAAJ,1,5,15,198,,,,,,choice,,0,-1,-1,-1,-1,-1,-1,-1,-1,-1,-1,-1,-1,,,,,,,,,,,,
2022-7-3,18:55:4,INHOUSETEST3,individual,,0,,1,07031850_sessionIndiv_407,lS5cJI-X4LX8h157AAAJ,1,6,8,127,,,,,,choice,,0,-1,-1,-1,-1,-1,-1,-1,-1,-1,-1,-1,-1,,,,,,,,,,,,
2022-7-3,18:58:15,INHOUSETEST3,individual,,0,,1,07031855_sessionIndiv_404,sza_uMQwbGCvk4lIAAAE,1,1,15,205,,,,,,choice,,0,-1,-1,-1,-1,-1,-1,-1,-1,-1,-1,-1,-1,,,,,,,,,,,,
2022-7-3,18:58:19,INHOUSETEST3,individual,,0,,1,07031855_sessionIndiv_404,sza_uMQwbGCvk4lIAAAE,1,2,9,149,,,,,,choice,,0,-1,-1,-1,-1,-1,-1,-1,-1,-1,-1,-1,-1,,,,,,,,,,,,
2022-7-3,18:58:22,INHOUSETEST3,individual,,0,,1,07031855_sessionIndiv_404,sza_uMQwbGCvk4lIAAAE,1,3,15,190,,,,,,choice,,0,-1,-1,-1,-1,-1,-1,-1,-1,-1,-1,-1,-1,,,,,,,,,,,,
2022-7-3,18:58:27,INHOUSETEST3,individual,,0,,1,07031855_sessionIndiv_404,sza_uMQwbGCvk4lIAAAE,1,4,9,139,,,,,,choice,,0,-1,-1,-1,-1,-1,-1,-1,-1,-1,-1,-1,-1,,,,,,,,,,,,
2022-7-3,18:58:34,INHOUSETEST3,individual,,0,,1,07031855_sessionIndiv_404,sza_uMQwbGCvk4lIAAAE,1,5,1,63,,,,,,choice,,0,-1,-1,-1,-1,-1,-1,-1,-1,-1,-1,-1,-1,,,,,,,,,,,,
2022-7-3,18:58:40,INHOUSETEST3,individual,,0,,1,07031855_sessionIndiv_404,sza_uMQwbGCvk4lIAAAE,1,6,16,211,,,,,,choice,,0,-1,-1,-1,-1,-1,-1,-1,-1,-1,-1,-1,-1,,,,,,,,,,,,
2022-7-3,18:58:50,INHOUSETEST3,individual,,0,,1,07031855_sessionIndiv_404,sza_uMQwbGCvk4lIAAAE,1,7,15,196,,,,,,choice,,0,-1,-1,-1,-1,-1,-1,-1,-1,-1,-1,-1,-1,,,,,,,,,,,,
2022-7-3,18:58:58,INHOUSETEST3,individual,,0,,1,07031855_sessionIndiv_404,sza_uMQwbGCvk4lIAAAE,1,8,4,84,,,,,,choice,,0,-1,-1,-1,-1,-1,-1,-1,-1,-1,-1,-1,-1,,,,,,,,,,,,
2022-7-3,18:59:7,INHOUSETEST3,individual,,0,,1,07031855_sessionIndiv_404,sza_uMQwbGCvk4lIAAAE,1,9,14,189,,,,,,choice,,0,-1,-1,-1,-1,-1,-1,-1,-1,-1,-1,-1,-1,,,,,,,,,,,,
2022-7-3,18:59:16,INHOUSETEST3,individual,,0,,1,07031855_sessionIndiv_404,sza_uMQwbGCvk4lIAAAE,1,10,1,66,,,,,,choice,,0,-1,-1,-1,-1,-1,-1,-1,-1,-1,-1,-1,-1,,,,,,,,,,,,
2022-7-3,18:58:28,INHOUSETEST3,competitive,,1,,2,KAMdvlR_session_403,KpWZAjjyGOUfKgblAAAG,1,2,10,76,,,,,,choice,,0,0,0,0,0,0,0,0,2,0,0,0,0,,,,,,,,,,,,
2022-7-3,18:58:28,INHOUSETEST3,competitive,,1,,2,KAMdvlR_session_403,TNF8bKrTJW7mSKD6AAAI,2,2,10,77,,,,,,choice,,0,0,0,0,0,0,0,0,2,0,0,0,0,,,,,,,,,,,,
2022-7-3,18:58:33,INHOUSETEST3,competitive,,1,,2,KAMdvlR_session_403,TNF8bKrTJW7mSKD6AAAI,2,3,9,140,,,,,,choice,,0,0,0,1,1,0,0,0,0,0,0,0,0,,,,,,,,,,,,
2022-7-3,18:58:33,INHOUSETEST3,competitive,,1,,2,KAMdvlR_session_403,KpWZAjjyGOUfKgblAAAG,1,3,1,60,,,,,,choice,,0,0,0,1,1,0,0,0,0,0,0,0,0,,,,,,,,,,,,
2022-7-3,18:58:37,INHOUSETEST3,competitive,,1,,2,KAMdvlR_session_403,TNF8bKrTJW7mSKD6AAAI,2,4,9,67,,,,,,choice,,0,0,0,0,2,0,0,0,0,0,0,0,0,,,,,,,,,,,,
2022-7-3,18:58:37,INHOUSETEST3,competitive,,1,,2,KAMdvlR_session_403,KpWZAjjyGOUfKgblAAAG,1,4,9,70,,,,,,choice,,0,0,0,0,2,0,0,0,0,0,0,0,0,,,,,,,,,,,,
2022-7-3,18:58:44,INHOUSETEST3,competitive,,1,,2,KAMdvlR_session_403,KpWZAjjyGOUfKgblAAAG,1,5,7,62,,,,,,choice,,0,0,0,0,0,0,0,2,0,0,0,0,0,,,,,,,,,,,,
2022-7-3,18:58:44,INHOUSETEST3,competitive,,1,,2,KAMdvlR_session_403,TNF8bKrTJW7mSKD6AAAI,2,5,7,58,,,,,,choice,,0,0,0,0,0,0,0,2,0,0,0,0,0,,,,,,,,,,,,
2022-7-3,18:58:49,INHOUSETEST3,competitive,,1,,2,KAMdvlR_session_403,TNF8bKrTJW7mSKD6AAAI,2,6,11,156,,,,,,choice,,0,0,0,0,1,0,0,0,0,0,0,0,1,,,,,,,,,,,,
2022-7-3,18:58:49,INHOUSETEST3,competitive,,1,,2,KAMdvlR_session_403,KpWZAjjyGOUfKgblAAAG,1,6,9,159,,,,,,choice,,0,0,0,0,1,0,0,0,0,0,0,0,1,,,,,,,,,,,,
2022-7-3,18:58:55,INHOUSETEST3,competitive,,1,,2,KAMdvlR_session_403,TNF8bKrTJW7mSKD6AAAI,2,7,9,141,,,,,,choice,,0,0,0,0,1,0,1,0,0,0,0,0,0,,,,,,,,,,,,
2022-7-3,18:58:55,INHOUSETEST3,competitive,,1,,2,KAMdvlR_session_403,KpWZAjjyGOUfKgblAAAG,1,7,8,120,,,,,,choice,,0,0,0,0,1,0,1,0,0,0,0,0,0,,,,,,,,,,,,
2022-7-3,18:59:3,INHOUSETEST3,competitive,,1,,2,KAMdvlR_session_403,TNF8bKrTJW7mSKD6AAAI,2,8,5,52,,,,,,choice,,0,0,0,0,0,0,0,0,0,0,0,2,0,,,,,,,,,,,,
2022-7-3,18:59:3,INHOUSETEST3,competitive,,1,,2,KAMdvlR_session_403,KpWZAjjyGOUfKgblAAAG,1,8,5,49,,,,,,choice,,0,0,0,0,0,0,0,0,0,0,0,2,0,,,,,,,,,,,,
2022-7-3,18:59:12,INHOUSETEST3,competitive,,1,,2,KAMdvlR_session_403,TNF8bKrTJW7mSKD6AAAI,2,9,3,37,,,,,,choice,,0,2,0,0,0,0,0,0,0,0,0,0,0,,,,,,,,,,,,
2022-7-3,18:59:12,INHOUSETEST3,competitive,,1,,2,KAMdvlR_session_403,KpWZAjjyGOUfKgblAAAG,1,9,3,43,,,,,,choice,,0,2,0,0,0,0,0,0,0,0,0,0,0,,,,,,,,,,,,
2022-7-3,18:59:19,INHOUSETEST3,competitive,,1,,2,KAMdvlR_session_403,TNF8bKrTJW7mSKD6AAAI,2,10,12,169,,,,,,choice,,0,0,0,0,0,1,0,0,0,0,0,0,0,,,,,,,,,,,,
2022-7-3,18:59:19,INHOUSETEST3,competitive,,1,,2,KAMdvlR_session_403,KpWZAjjyGOUfKgblAAAG,1,10,15,191,,,,,,choice,,0,0,0,0,0,1,0,0,0,0,0,0,0,,,,,,,,,,,,
2022-7-3,18:59:26,INHOUSETEST3,competitive,,1,,2,KAMdvlR_session_403,TNF8bKrTJW7mSKD6AAAI,2,11,9,144,,,,,,choice,,0,0,0,1,1,0,0,0,0,0,0,0,0,,,,,,,,,,,,
2022-7-3,18:59:26,INHOUSETEST3,competitive,,1,,2,KAMdvlR_session_403,KpWZAjjyGOUfKgblAAAG,1,11,1,57,,,,,,choice,,0,0,0,1,1,0,0,0,0,0,0,0,0,,,,,,,,,,,,
